system:index,B11,B12,B2,B3,B4,B8,NDBI,NDVI,SCL,class,year,.geo
1_1_0_0,0.2025,0.0978,0.0291,0.0464,0.0334,0.3072,-0.20541497,0.8038755,4.0E-4,1,2024,"{""geodesic"":false,""type"":""Point"",""coordinates"":[116.84050032311072,-0.7361244595717419]}"
1_1_1_0,0.25615,0.1137,0.0355,0.0695,0.0315,0.4264,-0.24943227,0.8624154,4.0E-4,1,2024,"{""geodesic"":false,""type"":""Point"",""coordinates"":[117.00255640036588,-0.6729728950981395]}"
1_1_2_0,0.1322,0.0564,0.0232,0.0418,0.0213,0.273,-0.3474827,0.85524976,4.0E-4,1,2024,"{""geodesic"":false,""type"":""Point"",""coordinates"":[116.73683473932331,-0.7800520769651865]}"
1_1_3_0,0.1728,0.0698,0.0257,0.0522,0.0219,0.3184,-0.2964169,0.87129,4.0E-4,1,2024,"{""geodesic"":false,""type"":""Point"",""coordinates"":[116.69218846970257,-0.8205660962789769]}"
1_1_4_0,0.1718,0.07055,0.02635,0.05585,0.0227,0.367,-0.36228657,0.88350016,4.0E-4,1,2024,"{""geodesic"":false,""type"":""Point"",""coordinates"":[116.64547607492837,-0.9194706090605362]}"
1_1_5_0,0.2174,0.0897,0.02715,0.0592,0.03055,0.4234,-0.32147318,0.8654037,4.0E-4,1,2024,"{""geodesic"":false,""type"":""Point"",""coordinates"":[116.60630952854075,-0.929082582600615]}"
1_1_6_0,0.2045,0.0849,0.0242,0.058,0.02375,0.4168,-0.34170285,0.8921802,4.0E-4,1,2024,"{""geodesic"":false,""type"":""Point"",""coordinates"":[116.58160585822746,-0.9771424503010095]}"
1_1_7_0,0.1803,0.07635,0.0295,0.052,0.0266,0.3612,-0.33407202,0.8628159,4.0E-4,1,2024,"{""geodesic"":false,""type"":""Point"",""coordinates"":[116.55618353568688,-0.992952799301513]}"
1_1_8_0,0.1671,0.0629,0.0246,0.04225,0.02295,0.3798,-0.38891935,0.88603354,4.0E-4,1,2024,"{""geodesic"":false,""type"":""Point"",""coordinates"":[116.61178925177389,-1.030682041234533]}"
1_1_9_0,0.2149,0.0957,0.04905,0.0654,0.03925,0.3706,-0.26592654,0.8084665,4.0E-4,1,2024,"{""geodesic"":false,""type"":""Point"",""coordinates"":[116.6179876272343,-0.9641168786812764]}"
1_1_10_0,0.1004,0.0394,0.0278,0.0504,0.0258,0.259,-0.44129103,0.81882024,4.0E-4,1,2024,"{""geodesic"":false,""type"":""Point"",""coordinates"":[116.69353594262876,-1.0348142915414829]}"
1_1_11_0,0.2481,0.125,0.0402,0.0625,0.0422,0.3368,-0.15164988,0.7773087,4.0E-4,1,2024,"{""geodesic"":false,""type"":""Point"",""coordinates"":[116.76216723033549,-1.0395753625473163]}"
1_1_12_0,0.2364,0.1091,0.0426,0.0814,0.04,0.3908,-0.24617349,0.814299,4.0E-4,1,2024,"{""geodesic"":false,""type"":""Point"",""coordinates"":[116.8081609728824,-1.0141530400067338]}"
1_1_13_0,0.2535,0.1179,0.0484,0.0822,0.04765,0.362,-0.17627941,0.76736236,4.0E-4,1,2024,"{""geodesic"":false,""type"":""Point"",""coordinates"":[116.84732751927002,-0.9990613432335258]}"
1_1_14_0,0.2227,0.0941,0.0312,0.0618,0.0302,0.398,-0.28242308,0.8589444,4.0E-4,1,2024,"{""geodesic"":false,""type"":""Point"",""coordinates"":[116.89332126181694,-1.0340956393141871]}"
1_1_15_0,0.1678,0.06965,0.0275,0.05385,0.02665,0.3098,-0.29731995,0.8415812,4.0E-4,1,2024,"{""geodesic"":false,""type"":""Point"",""coordinates"":[117.04441789260584,-1.0602366140820652]}"
1_1_16_0,0.2137,0.1027,0.0578,0.08635,0.06045,0.3692,-0.2667696,0.71860814,4.0E-4,1,2024,"{""geodesic"":false,""type"":""Point"",""coordinates"":[117.1034372067725,-0.989449369693447]}"
1_1_17_0,0.22085,0.0914,0.0327,0.05255,0.02755,0.3952,-0.28301275,0.86966294,4.0E-4,1,2024,"{""geodesic"":false,""type"":""Point"",""coordinates"":[116.8493936444235,-0.8816515355991044]}"
1_1_18_0,0.1964,0.0816,0.03175,0.0542,0.02665,0.3734,-0.3106353,0.86676663,4.0E-4,1,2024,"{""geodesic"":false,""type"":""Point"",""coordinates"":[116.75668750710236,-0.8405086955864303]}"
1_1_19_0,0.1814,0.0711,0.0352,0.049,0.0269,0.3308,-0.29168293,0.84959465,4.0E-4,1,2024,"{""geodesic"":false,""type"":""Point"",""coordinates"":[116.69973431808918,-0.8810227149002207]}"
1_1_20_0,0.2115,0.087,0.0319,0.05535,0.0291,0.362,-0.2624237,0.85118896,4.0E-4,1,2024,"{""geodesic"":false,""type"":""Point"",""coordinates"":[116.8493936444235,-0.9551337258400813]}"
1_1_21_0,0.2324,0.1064,0.0373,0.06865,0.03165,0.4014,-0.26664564,0.8538275,4.0E-4,1,2024,"{""geodesic"":false,""type"":""Point"",""coordinates"":[116.99563937267816,-0.7093546641049802]}"
1_1_22_0,0.226,0.1053,0.0355,0.0563,0.0302,0.3448,-0.20812894,0.83893335,4.0E-4,1,2024,"{""geodesic"":false,""type"":""Point"",""coordinates"":[116.97982902367765,-0.7313633885659084]}"
1_1_23_0,0.234,0.104,0.041,0.0744,0.0357,0.3828,-0.24124515,0.8293907,4.0E-4,1,2024,"{""geodesic"":false,""type"":""Point"",""coordinates"":[116.98333245328571,-0.7718774078796988]}"
1_1_24_0,0.23995,0.10295,0.04405,0.08525,0.0441,0.4266,-0.28002402,0.8126195,4.0E-4,1,2024,"{""geodesic"":false,""type"":""Point"",""coordinates"":[117.02995501653152,-0.8164338459720271]}"
1_1_25_0,0.21785,0.0989,0.0383,0.07135,0.03895,0.3926,-0.28626424,0.81948787,4.0E-4,1,2024,"{""geodesic"":false,""type"":""Point"",""coordinates"":[116.97713407782528,-0.8810227149002207]}"
1_1_26_0,0.1805,0.076,0.024,0.0496,0.0246,0.3844,-0.36094886,0.8797066,4.0E-4,1,2024,"{""geodesic"":false,""type"":""Point"",""coordinates"":[116.93868618366497,-0.9421081542203481]}"
1_1_27_0,0.17375,0.06645,0.02355,0.0416,0.02065,0.364,-0.35378894,0.8926297,4.0E-4,1,2024,"{""geodesic"":false,""type"":""Point"",""coordinates"":[116.70485471520867,-0.929082582600615]}"
1_1_28_0,0.2364,0.1056,0.0412,0.0658,0.0359,0.395,-0.25118786,0.833372,4.0E-4,1,2024,"{""geodesic"":false,""type"":""Point"",""coordinates"":[116.82810357218986,-0.9345623058337442]}"
1_1_29_0,0.10115,0.03525,0.0278,0.0522,0.0233,0.3396,-0.54100966,0.87158996,4.0E-4,1,2024,"{""geodesic"":false,""type"":""Point"",""coordinates"":[116.74402126159627,-0.9809153744943114]}"
1_1_30_0,0.1874,0.07535,0.0345,0.0645,0.0309,0.4062,-0.36859837,0.8586136,4.0E-4,1,2024,"{""geodesic"":false,""type"":""Point"",""coordinates"":[116.66856277773023,-0.9665423299483992]}"
1_1_31_0,0.1738,0.07345,0.02525,0.04015,0.02015,0.3274,-0.30646446,0.8840455,4.0E-4,1,2024,"{""geodesic"":false,""type"":""Point"",""coordinates"":[116.96303052786462,-0.9904375165059784]}"
1_1_32_0,0.2029,0.0858,0.0224,0.06125,0.0257,0.3954,-0.32174492,0.87793875,4.0E-4,1,2024,"{""geodesic"":false,""type"":""Point"",""coordinates"":[116.97812222463781,-1.056733184473999]}"
1_1_33_0,0.246,0.121,0.0372,0.058,0.0378,0.3444,-0.16666664,0.8021978,4.0E-4,1,2024,"{""geodesic"":false,""type"":""Point"",""coordinates"":[116.90751464330603,-0.8518274681663363]}"
1_1_34_0,0.1179,0.0467,0.0484,0.0563,0.0378,0.279,-0.4058957,0.7613636,4.0E-4,1,2024,"{""geodesic"":false,""type"":""Point"",""coordinates"":[117.14979027543306,-0.8075405246592439]}"
1_1_35_0,0.1998,0.088,0.041,0.0597,0.0345,0.3002,-0.20079997,0.79384524,4.0E-4,1,2024,"{""geodesic"":false,""type"":""Point"",""coordinates"":[117.09894563035189,-0.8620682624052988]}"
1_1_36_0,0.25065,0.1239,0.04905,0.0716,0.04755,0.3394,-0.150411,0.7542318,4.0E-4,1,2024,"{""geodesic"":false,""type"":""Point"",""coordinates"":[117.11062372904546,-0.7487907050778271]}"
1_1_37_0,0.2152,0.0973,0.0288,0.0772,0.0377,0.3356,-0.21859111,0.7980177,4.0E-4,1,2024,"{""geodesic"":false,""type"":""Point"",""coordinates"":[117.18347709858755,-0.8902753623266517]}"
1_1_38_0,0.2533,0.1208,0.0297,0.061,0.0412,0.3784,-0.19803701,0.8036225,4.0E-4,1,2024,"{""geodesic"":false,""type"":""Point"",""coordinates"":[117.12850020319944,-0.9550438943116693]}"
1_1_39_0,0.2081,0.0868,0.0313,0.0486,0.0283,0.3436,-0.24560449,0.84780854,4.0E-4,1,2024,"{""geodesic"":false,""type"":""Point"",""coordinates"":[117.006508987616,-0.9712135694258206]}"
1_1_40_0,0.2301,0.1,0.0417,0.065,0.0393,0.3808,-0.24668522,0.8129017,4.0E-4,1,2024,"{""geodesic"":false,""type"":""Point"",""coordinates"":[116.86888708608889,-0.8082591768865395]}"
1_1_41_0,0.21035,0.0959,0.03315,0.0546,0.0349,0.3242,-0.21298288,0.8056252,4.0E-4,1,2024,"{""geodesic"":false,""type"":""Point"",""coordinates"":[116.77411482361428,-0.7299260841113172]}"
1_1_42_0,0.2314,0.1052,0.0385,0.0657,0.0377,0.3768,-0.2390661,0.8180941,4.0E-4,1,2024,"{""geodesic"":false,""type"":""Point"",""coordinates"":[116.79693203183092,-0.8951262648608972]}"
1_1_43_0,0.22525,0.098,0.0316,0.06245,0.0315,0.4074,-0.28791592,0.8564593,4.0E-4,1,2024,"{""geodesic"":false,""type"":""Point"",""coordinates"":[116.94183028715939,-0.8049354103352973]}"
1_1_44_0,0.1947,0.0805,0.0241,0.0462,0.0229,0.3708,-0.3114058,0.88366777,4.0E-4,1,2024,"{""geodesic"":false,""type"":""Point"",""coordinates"":[116.71868877058411,-0.8319747003872948]}"
1_1_45_0,0.1833,0.07765,0.0267,0.0449,0.01995,0.336,-0.29404968,0.8879056,4.0E-4,1,2024,"{""geodesic"":false,""type"":""Point"",""coordinates"":[116.58960086425613,-0.99879184864829]}"
1_1_46_0,0.0175,0.0085,0.0617,0.0822,0.0736,0.0375,-0.36363637,-0.3249325,6.0E-4,1,2024,"{""geodesic"":false,""type"":""Point"",""coordinates"":[116.69946482350394,-1.0619434131218923]}"
1_1_47_0,0.27935,0.1393,0.0461,0.07985,0.05685,0.382,-0.1552128,0.74091375,4.0E-4,1,2024,"{""geodesic"":false,""type"":""Point"",""coordinates"":[116.76944358413685,-0.9294419087142629]}"
1_1_48_0,0.23005,0.10475,0.039,0.06775,0.03445,0.3668,-0.22911957,0.8282866,4.0E-4,1,2024,"{""geodesic"":false,""type"":""Point"",""coordinates"":[116.96204238105209,-1.1041642314755098]}"
1_1_49_0,0.1954,0.08265,0.0476,0.07275,0.036,0.4034,-0.3473614,0.8361402,4.0E-4,1,2024,"{""geodesic"":false,""type"":""Point"",""coordinates"":[117.0358838974067,-1.1069490088562803]}"
1_1_50_0,0.13555,0.0501,0.01665,0.0398,0.02045,0.328,-0.41516557,0.8826231,4.0E-4,1,2024,"{""geodesic"":false,""type"":""Point"",""coordinates"":[117.07729623200461,-1.04388727591109]}"
1_1_51_0,0.23145,0.11315,0.03785,0.05835,0.0444,0.3127,-0.14931543,0.75133014,4.0E-4,1,2024,"{""geodesic"":false,""type"":""Point"",""coordinates"":[117.04756199610026,-0.9212672396287752]}"
1_1_52_0,0.21005,0.09265,0.0348,0.05745,0.0314,0.348,-0.24720006,0.8344755,4.0E-4,1,2024,"{""geodesic"":false,""type"":""Point"",""coordinates"":[116.9959088672634,-0.9202790928162438]}"
1_1_53_0,0.2393,0.1048,0.0288,0.0646,0.0288,0.434,-0.2891727,0.8755402,4.0E-4,1,2024,"{""geodesic"":false,""type"":""Point"",""coordinates"":[116.86529382495242,-0.8433833044956127]}"
1_1_54_0,0.168,0.07775,0.0315,0.06935,0.0325,0.3212,-0.31316438,0.81622845,4.0E-4,1,2024,"{""geodesic"":false,""type"":""Point"",""coordinates"":[116.85163943263379,-0.6894120647975268]}"
1_1_55_0,0.2411,0.0908,0.0362,0.0838,0.0332,0.6408,-0.453226,0.90148365,4.0E-4,1,2024,"{""geodesic"":false,""type"":""Point"",""coordinates"":[117.24186759205531,-0.8457189242343235]}"
1_1_56_0,0.202,0.09805,0.04155,0.07405,0.0387,0.3248,-0.23310554,0.78707016,4.0E-4,1,2024,"{""geodesic"":false,""type"":""Point"",""coordinates"":[117.16766674958704,-0.852276625808396]}"
1_1_57_0,0.231,0.1031,0.0404,0.0638,0.0358,0.3976,-0.2650334,0.83479464,4.0E-4,1,2024,"{""geodesic"":false,""type"":""Point"",""coordinates"":[117.16110904801297,-0.7588518362599658]}"
1_1_58_0,0.2603,0.1081,0.0544,0.0786,0.04,0.4232,-0.23833211,0.82728845,4.0E-4,1,2024,"{""geodesic"":false,""type"":""Point"",""coordinates"":[117.12643407804596,-0.9064450374408032]}"
1_1_59_0,0.1873,0.0791,0.03355,0.05005,0.02735,0.2967,-0.22603306,0.8311989,4.0E-4,1,2024,"{""geodesic"":false,""type"":""Point"",""coordinates"":[117.06777408999295,-0.8089778291138351]}"
1_1_60_0,0.2153,0.095,0.0425,0.0675,0.0354,0.3916,-0.29049268,0.83419204,4.0E-4,1,2024,"{""geodesic"":false,""type"":""Point"",""coordinates"":[116.98917150263249,-0.8007133284999355]}"
1_1_61_0,0.2783,0.1538,0.0574,0.1022,0.069,0.4048,-0.18518521,0.70873785,4.0E-4,1,2024,"{""geodesic"":false,""type"":""Point"",""coordinates"":[116.94120146646051,-1.0302328835924732]}"
1_1_62_0,0.2006,0.08575,0.0313,0.0531,0.0289,0.3538,-0.2763348,0.84896785,4.0E-4,1,2024,"{""geodesic"":false,""type"":""Point"",""coordinates"":[116.83034936040016,-0.7617264451691482]}"
1_1_63_0,0.2219,0.0949,0.0384,0.07795,0.0367,0.4088,-0.2963374,0.8352413,4.0E-4,1,2024,"{""geodesic"":false,""type"":""Point"",""coordinates"":[116.898351827408,-0.9134518966569354]}"
1_1_64_0,0.21745,0.1059,0.0294,0.05375,0.03125,0.3254,-0.19885789,0.8247582,4.0E-4,1,2024,"{""geodesic"":false,""type"":""Point"",""coordinates"":[116.92098937256782,-1.062482402292364]}"
1_1_65_0,0.21685,0.0961,0.0448,0.0681,0.03375,0.4112,-0.30944988,0.84829754,4.0E-4,1,2024,"{""geodesic"":false,""type"":""Point"",""coordinates"":[117.0020174111954,-0.8359272876374207]}"
1_1_66_0,0.2143,0.0914,0.03555,0.0716,0.03605,0.3946,-0.29610774,0.83257866,4.0E-4,1,2024,"{""geodesic"":false,""type"":""Point"",""coordinates"":[116.74860266954528,-0.8900956992698279]}"
1_1_67_0,0.1792,0.08065,0.03585,0.0574,0.04175,0.3,-0.25208685,0.75566936,4.0E-4,1,2024,"{""geodesic"":false,""type"":""Point"",""coordinates"":[116.65041680899103,-0.9388742191975179]}"
1_1_68_0,0.181,0.0745,0.0445,0.0578,0.0326,0.3208,-0.2785971,0.8155065,4.0E-4,1,2024,"{""geodesic"":false,""type"":""Point"",""coordinates"":[116.68958335537863,-0.8510189844106287]}"
1_1_69_0,0.18845,0.08735,0.0397,0.0574,0.0368,0.3161,-0.25299773,0.79144233,4.0E-4,1,2024,"{""geodesic"":false,""type"":""Point"",""coordinates"":[116.66487968506534,-0.880483725729749]}"
1_1_70_0,0.2014,0.0857,0.0341,0.05975,0.03065,0.359,-0.2812277,0.8426793,4.0E-4,1,2024,"{""geodesic"":false,""type"":""Point"",""coordinates"":[116.91416217640851,-0.9656440146642796]}"
1_1_71_0,0.0073,0.0067,0.0322,0.03995,0.02765,0.005,0.18699189,-0.6937213,6.0E-4,1,2024,"{""geodesic"":false,""type"":""Point"",""coordinates"":[116.71159207983956,-1.0974268668446134]}"
1_1_72_0,0.2234,0.0918,0.0276,0.0568,0.0236,0.4188,-0.30426657,0.89330924,4.0E-4,1,2024,"{""geodesic"":false,""type"":""Point"",""coordinates"":[116.65939996183222,-1.0617637500650685]}"
1_1_73_0,0.2196,0.09605,0.034,0.0593,0.03085,0.3568,-0.23802912,0.8408358,4.0E-4,1,2024,"{""geodesic"":false,""type"":""Point"",""coordinates"":[116.88388895133369,-0.8715904044169657]}"
1_1_74_0,0.2224,0.09935,0.04135,0.0555,0.0298,0.3722,-0.2519341,0.8517413,4.0E-4,1,2024,"{""geodesic"":false,""type"":""Point"",""coordinates"":[117.06103672536206,-0.7575941948621985]}"
1_1_75_0,0.3587,0.21665,0.0759,0.1202,0.101,0.4178,-0.07611076,0.6106399,4.0E-4,1,2024,"{""geodesic"":false,""type"":""Point"",""coordinates"":[116.98557824149601,-0.9381555669702223]}"
1_1_76_0,0.06725,0.0424,0.0281,0.0494,0.04305,0.02755,0.41877636,-0.21954672,7.0E-4,1,2024,"{""geodesic"":false,""type"":""Point"",""coordinates"":[117.23477090131077,-0.9017737979633816]}"
1_1_77_0,0.2137,0.09255,0.0325,0.05935,0.03085,0.389,-0.29085782,0.8530427,4.0E-4,1,2024,"{""geodesic"":false,""type"":""Point"",""coordinates"":[116.86744978163429,-0.9230638701970143]}"
1_1_78_0,0.20695,0.0984,0.03785,0.07015,0.0353,0.3234,-0.21957198,0.80317813,4.0E-4,1,2024,"{""geodesic"":false,""type"":""Point"",""coordinates"":[116.78570309077942,-0.8201169386369171]}"
1_1_79_0,0.16045,0.0591,0.0268,0.0407,0.01915,0.3666,-0.3911394,0.9007129,4.0E-4,1,2024,"{""geodesic"":false,""type"":""Point"",""coordinates"":[116.64565573798518,-0.993132462358337]}"
1_1_80_0,0.2198,0.0947,0.0336,0.0702,0.0368,0.3704,-0.25516775,0.81925344,4.0E-4,1,2024,"{""geodesic"":false,""type"":""Point"",""coordinates"":[117.04594502858885,-0.9588168185049712]}"
1_1_81_0,0.22575,0.1044,0.02835,0.06355,0.0318,0.4004,-0.2789268,0.8528459,4.0E-4,1,2024,"{""geodesic"":false,""type"":""Point"",""coordinates"":[117.00614966150235,-1.1050625467596293]}"
1_1_82_0,0.2589,0.1293,0.0504,0.083,0.0536,0.3272,-0.11653303,0.7184874,4.0E-4,1,2024,"{""geodesic"":false,""type"":""Point"",""coordinates"":[116.83313413778093,-0.8928804766505983]}"
1_1_83_0,0.2382,0.10595,0.04295,0.07585,0.03835,0.4444,-0.3020803,0.8411186,4.0E-4,1,2024,"{""geodesic"":false,""type"":""Point"",""coordinates"":[116.90931127387427,-0.8022404644829386]}"
1_1_84_0,0.1694,0.0781,0.0353,0.0501,0.0314,0.2786,-0.24374999,0.79741937,4.0E-4,1,2024,"{""geodesic"":false,""type"":""Point"",""coordinates"":[117.11053389751704,-0.8050252418637092]}"
1_1_85_0,0.1135,0.0536,0.0359,0.0563,0.033,0.2878,-0.43433842,0.7942644,4.0E-4,1,2024,"{""geodesic"":false,""type"":""Point"",""coordinates"":[117.25264737546475,-0.7864301154824351]}"
1_1_86_0,0.2401,0.10945,0.0409,0.074,0.0405,0.364,-0.2050985,0.7997528,4.0E-4,1,2024,"{""geodesic"":false,""type"":""Point"",""coordinates"":[116.88047535325403,-0.9635778895108047]}"
1_1_87_0,0.23255,0.13545,0.05035,0.08385,0.07,0.3458,-0.19581571,0.6632997,4.0E-4,1,2024,"{""geodesic"":false,""type"":""Point"",""coordinates"":[116.7929794445808,-0.9803763853238397]}"
1_1_88_0,0.1665,0.0679,0.0248,0.0478,0.0295,0.3416,-0.3446172,0.8410132,4.0E-4,1,2024,"{""geodesic"":false,""type"":""Point"",""coordinates"":[116.61637065972289,-0.9895392012218589]}"
1_1_89_0,0.22155,0.09585,0.03845,0.0684,0.0386,0.373,-0.25473046,0.81243926,4.0E-4,1,2024,"{""geodesic"":false,""type"":""Point"",""coordinates"":[116.84014099699706,-0.9641168786812764]}"
1_1_90_0,0.23,0.1022,0.0346,0.0641,0.0358,0.4104,-0.28169894,0.83953387,4.0E-4,1,2024,"{""geodesic"":false,""type"":""Point"",""coordinates"":[116.7660299860572,-0.7691824620273403]}"
1_1_91_0,0.25355,0.10625,0.03865,0.0692,0.03305,0.4562,-0.2855231,0.8648952,4.0E-4,1,2024,"{""geodesic"":false,""type"":""Point"",""coordinates"":[116.73306181513001,-0.9188417883616525]}"
1_1_92_0,0.21745,0.104,0.04165,0.0709,0.03635,0.3306,-0.20645927,0.80188036,4.0E-4,1,2024,"{""geodesic"":false,""type"":""Point"",""coordinates"":[116.75713666474442,-0.9394132083679896]}"
1_1_93_0,0.22445,0.1253,0.05105,0.0853,0.08055,0.3444,-0.210864,0.6208966,4.0E-4,1,2024,"{""geodesic"":false,""type"":""Point"",""coordinates"":[116.70701067189054,-1.000498647688117]}"
1_1_94_0,0.00835,0.00745,0.0326,0.0488,0.041,0.0072,0.07395498,-0.70124483,6.0E-4,1,2024,"{""geodesic"":false,""type"":""Point"",""coordinates"":[116.73099568997654,-1.0396651940757282]}"
1_1_95_0,0.2071,0.0875,0.02905,0.05735,0.02485,0.3718,-0.2845051,0.8747006,4.0E-4,1,2024,"{""geodesic"":false,""type"":""Point"",""coordinates"":[116.67538997388954,-1.0040020772961833]}"
1_1_96_0,0.2427,0.1219,0.03275,0.0577,0.03415,0.3168,-0.13243969,0.80538535,4.0E-4,1,2024,"{""geodesic"":false,""type"":""Point"",""coordinates"":[116.92601993815889,-0.8707819206612581]}"
1_1_97_0,0.1777,0.07665,0.0287,0.0585,0.0256,0.337,-0.3095007,0.8587976,4.0E-4,1,2024,"{""geodesic"":false,""type"":""Point"",""coordinates"":[116.93769803685244,-0.9620507535278016]}"
1_1_98_0,0.18445,0.07935,0.03745,0.06045,0.03015,0.3624,-0.32540914,0.846389,4.0E-4,1,2024,"{""geodesic"":false,""type"":""Point"",""coordinates"":[116.72012607503869,-0.9378860723849864]}"
1_1_99_0,0.0095,0.0057,0.0446,0.0471,0.0305,0.0098,-0.015544063,-0.5136476,6.0E-4,1,2024,"{""geodesic"":false,""type"":""Point"",""coordinates"":[116.74968064788622,-1.00615803397807]}"
1_2_0_0,0.4643,0.3395,0.1044,0.1638,0.2196,0.2966,0.22039688,0.149167,5.0E-4,0,2024,"{""geodesic"":false,""type"":""Point"",""coordinates"":[116.86987523290142,-0.7402567098786916]}"
1_2_1_0,0.3477,0.3045,0.159,0.1881,0.2225,0.2441,0.17505914,0.046292346,5.0E-4,0,2024,"{""geodesic"":false,""type"":""Point"",""coordinates"":[116.83555958904806,-0.6688406447911898]}"
1_2_2_0,0.3932,0.2486,0.078,0.1096,0.1144,0.2994,0.13543172,0.44707587,5.0E-4,0,2024,"{""geodesic"":false,""type"":""Point"",""coordinates"":[116.80331007034816,-0.6784526183312686]}"
1_2_3_0,0.46065,0.4439,0.2275,0.2501,0.2894,0.3053,0.20282003,0.026736146,5.0E-4,0,2024,"{""geodesic"":false,""type"":""Point"",""coordinates"":[116.82118654450214,-0.7045037615707347]}"
1_2_4_0,0.51095,0.34695,0.0943,0.1332,0.179,0.3172,0.23395522,0.2785167,5.0E-4,0,2024,"{""geodesic"":false,""type"":""Point"",""coordinates"":[116.86511416189559,-0.762175602811208]}"
1_2_5_0,0.45325,0.31395,0.09025,0.1361,0.1582,0.3087,0.1897106,0.32233885,5.0E-4,0,2024,"{""geodesic"":false,""type"":""Point"",""coordinates"":[116.84175796450847,-0.7841843272721363]}"
1_2_6_0,0.5318,0.36825,0.1142,0.1589,0.1957,0.3123,0.26004025,0.22952755,5.0E-4,0,2024,"{""geodesic"":false,""type"":""Point"",""coordinates"":[116.84103931228118,-0.8226322214324518]}"
1_2_7_0,0.5291,0.3691,0.1076,0.1628,0.2094,0.3256,0.23809524,0.21719626,5.0E-4,0,2024,"{""geodesic"":false,""type"":""Point"",""coordinates"":[116.78749972134766,-0.769721451197812]}"
1_2_8_0,0.49995,0.34565,0.1166,0.1665,0.1853,0.3764,0.14098248,0.3402172,5.0E-4,0,2024,"{""geodesic"":false,""type"":""Point"",""coordinates"":[116.79845916781392,-0.8328730156714144]}"
1_2_9_0,0.4287,0.2756,0.109,0.146,0.186,0.2444,0.27380776,0.13568771,5.0E-4,0,2024,"{""geodesic"":false,""type"":""Point"",""coordinates"":[116.68042053948061,-0.8603614633654717]}"
1_2_10_0,0.44085,0.3053,0.109,0.1305,0.1464,0.2695,0.24121913,0.29598457,5.0E-4,0,2024,"{""geodesic"":false,""type"":""Point"",""coordinates"":[116.63712174278605,-0.880304062672925]}"
1_2_11_0,0.448,0.2848,0.0758,0.1013,0.1218,0.2524,0.27926898,0.34901124,5.0E-4,0,2024,"{""geodesic"":false,""type"":""Point"",""coordinates"":[116.68931386079339,-0.9070738581396868]}"
1_2_12_0,0.40565,0.313,0.1268,0.1473,0.1736,0.2061,0.32619533,0.08559389,5.0E-4,0,2024,"{""geodesic"":false,""type"":""Point"",""coordinates"":[116.6374810688997,-0.9932222938867489]}"
1_2_13_0,0.36,0.3088,0.1482,0.1857,0.2048,0.2514,0.17762515,0.10214818,5.0E-4,0,2024,"{""geodesic"":false,""type"":""Point"",""coordinates"":[116.69551223625382,-0.9585473239197354]}"
1_2_14_0,0.38445,0.29885,0.1148,0.1566,0.1855,0.2532,0.20583391,0.15431958,5.0E-4,0,2024,"{""geodesic"":false,""type"":""Point"",""coordinates"":[116.70377673686772,-0.9728305369372358]}"
1_2_15_0,0.224,0.142,0.126,0.207,0.2534,0.1354,0.24652201,-0.30349794,5.0E-4,0,2024,"{""geodesic"":false,""type"":""Point"",""coordinates"":[116.76935375260844,-0.9024026186622653]}"
1_2_16_0,0.44145,0.30715,0.1128,0.1671,0.2254,0.2331,0.30887258,0.016793884,5.0E-4,0,2024,"{""geodesic"":false,""type"":""Point"",""coordinates"":[116.92862505248284,-0.9954680820970477]}"
1_2_17_0,0.4524,0.3232,0.1021,0.1488,0.181,0.3152,0.17873892,0.27045548,5.0E-4,0,2024,"{""geodesic"":false,""type"":""Point"",""coordinates"":[116.76998257330733,-1.0541280701500524]}"
1_2_18_0,0.4155,0.3009,0.1356,0.1672,0.2036,0.2654,0.22044353,0.1317697,5.0E-4,0,2024,"{""geodesic"":false,""type"":""Point"",""coordinates"":[116.72704310272641,-1.030771872762945]}"
1_2_19_0,0.31,0.1751,0.06805,0.11055,0.1129,0.3368,-0.041434765,0.4978875,4.0E-4,0,2024,"{""geodesic"":false,""type"":""Point"",""coordinates"":[116.68688840952628,-1.0002291531028813]}"
1_2_20_0,0.3763,0.32015,0.1592,0.2481,0.3156,0.3179,0.084125616,0.0036306144,5.0E-4,0,2024,"{""geodesic"":false,""type"":""Point"",""coordinates"":[116.7171616346011,-0.9803763853238397]}"
1_2_21_0,0.34725,0.2675,0.174,0.2219,0.2801,0.2873,0.09447644,0.012689466,5.0E-4,0,2024,"{""geodesic"":false,""type"":""Point"",""coordinates"":[116.75336374055112,-0.9536964213854899]}"
1_2_22_0,0.417,0.36005,0.2449,0.2883,0.3404,0.333,0.11199999,-0.01098902,5.0E-4,0,2024,"{""geodesic"":false,""type"":""Point"",""coordinates"":[116.75264508832382,-0.9264774682766684]}"
1_2_23_0,0.48345,0.32915,0.1051,0.1382,0.1892,0.286,0.25661185,0.20370373,5.0E-4,0,2024,"{""geodesic"":false,""type"":""Point"",""coordinates"":[116.68527144201485,-0.8741955187409123]}"
1_2_24_0,0.4554,0.32935,0.1247,0.1966,0.261,0.3272,0.16381292,0.112546735,5.0E-4,0,2024,"{""geodesic"":false,""type"":""Point"",""coordinates"":[116.730007543164,-0.9319571915097976]}"
1_2_25_0,0.3609,0.23,0.0616,0.1002,0.1114,0.3516,0.013052664,0.5187905,5.0E-4,0,2024,"{""geodesic"":false,""type"":""Point"",""coordinates"":[116.66820345161659,-1.0234955189615769]}"
1_2_26_0,0.4695,0.3119,0.1064,0.1508,0.1974,0.2714,0.26737753,0.15784983,5.0E-4,0,2024,"{""geodesic"":false,""type"":""Point"",""coordinates"":[116.66344238061075,-0.8926109820653625]}"
1_2_27_0,0.4896,0.3508,0.0946,0.13,0.183,0.2642,0.2990183,0.18157424,5.0E-4,0,2024,"{""geodesic"":false,""type"":""Point"",""coordinates"":[116.8291815505308,-0.8417663369841976]}"
1_2_28_0,0.4712,0.3575,0.1344,0.1997,0.2387,0.3958,0.086966544,0.24759652,5.0E-4,0,2024,"{""geodesic"":false,""type"":""Point"",""coordinates"":[116.84220712215054,-0.9108467823329888]}"
1_2_29_0,0.34835,0.2967,0.25,0.2818,0.3001,0.2767,0.11463083,-0.040568672,5.0E-4,0,2024,"{""geodesic"":false,""type"":""Point"",""coordinates"":[116.73467878264144,-0.9590863130902071]}"
1_2_30_0,0.4122,0.30285,0.3136,0.368,0.3966,0.3934,0.02333663,-0.004050626,5.0E-4,0,2024,"{""geodesic"":false,""type"":""Point"",""coordinates"":[116.67601879458843,-0.9824425104773147]}"
1_2_31_0,0.43465,0.3525,0.132,0.197,0.2577,0.2953,0.19090348,0.067992784,5.0E-4,0,2024,"{""geodesic"":false,""type"":""Point"",""coordinates"":[116.71446668874874,-0.944353942430647]}"
1_2_32_0,0.3845,0.3122,0.2724,0.3208,0.3116,0.3328,0.07207584,0.03289882,5.0E-4,0,2024,"{""geodesic"":false,""type"":""Point"",""coordinates"":[116.82055772380326,-1.0186446164273313]}"
1_2_33_0,0.5246,0.4388,0.1688,0.225,0.2756,0.3228,0.23814021,0.07887705,5.0E-4,0,2024,"{""geodesic"":false,""type"":""Point"",""coordinates"":[117.06687577470883,-0.9990613432335258]}"
1_2_34_0,0.4647,0.4,0.2154,0.2554,0.2956,0.3184,0.18682162,0.03713355,5.0E-4,0,2024,"{""geodesic"":false,""type"":""Point"",""coordinates"":[117.12463744747771,-0.7552585751234877]}"
1_2_35_0,0.29415,0.23255,0.127,0.1441,0.1614,0.1836,0.23139718,0.064347796,6.0E-4,0,2024,"{""geodesic"":false,""type"":""Point"",""coordinates"":[117.11152204432958,-0.7311837255090845]}"
1_2_36_0,0.4112,0.365,0.1958,0.2402,0.261,0.2818,0.18672436,0.03831981,5.0E-4,0,2024,"{""geodesic"":false,""type"":""Point"",""coordinates"":[117.00237673730905,-1.0703875767926159]}"
1_2_37_0,0.36615,0.22035,0.07265,0.1137,0.1182,0.3288,0.053744875,0.47114095,4.0E-4,0,2024,"{""geodesic"":false,""type"":""Point"",""coordinates"":[117.01127005862183,-1.0112784310975513]}"
1_2_38_0,0.51445,0.38205,0.1601,0.2366,0.2962,0.3796,0.15083052,0.123409264,5.0E-4,0,2024,"{""geodesic"":false,""type"":""Point"",""coordinates"":[117.02941602736105,-0.9824425104773147]}"
1_2_39_0,0.4911,0.344,0.1614,0.2376,0.314,0.3444,0.17558351,0.046172507,5.0E-4,0,2024,"{""geodesic"":false,""type"":""Point"",""coordinates"":[117.1244577844209,-0.884256649923051]}"
1_2_40_0,0.3824,0.2944,0.1469,0.1802,0.2111,0.2236,0.26204622,0.028755471,5.0E-4,0,2024,"{""geodesic"":false,""type"":""Point"",""coordinates"":[117.08708786860151,-0.7967607412498096]}"
1_2_41_0,0.50605,0.3846,0.1619,0.1991,0.2679,0.3654,0.16139768,0.15395547,5.0E-4,0,2024,"{""geodesic"":false,""type"":""Point"",""coordinates"":[116.94084214034686,-0.9045585753441522]}"
1_2_42_0,0.56815,0.45135,0.2178,0.2438,0.2803,0.4194,0.15062526,0.1987995,5.0E-4,0,2024,"{""geodesic"":false,""type"":""Point"",""coordinates"":[117.09122011890847,-1.0274481062117027]}"
1_2_43_0,0.48445,0.36155,0.365,0.3693,0.35,0.5178,-0.033275094,0.1933625,5.0E-4,0,2024,"{""geodesic"":false,""type"":""Point"",""coordinates"":[117.20306037178135,-0.8989890205826111]}"
1_2_44_0,0.3046,0.2423,0.1308,0.1566,0.1934,0.2138,0.17515433,0.05009824,5.0E-4,0,2024,"{""geodesic"":false,""type"":""Point"",""coordinates"":[117.1402681334214,-0.7450177808845252]}"
1_2_45_0,0.41475,0.2769,0.08375,0.1364,0.1752,0.2742,0.20400612,0.22029372,5.0E-4,0,2024,"{""geodesic"":false,""type"":""Point"",""coordinates"":[117.03256013085546,-1.0337363132005393]}"
1_2_46_0,0.3042,0.2282,0.1078,0.122,0.1452,0.1656,0.29501915,0.065637074,5.0E-4,0,2024,"{""geodesic"":false,""type"":""Point"",""coordinates"":[117.02878720666216,-1.004271571881419]}"
1_2_47_0,0.4009,0.2625,0.1141,0.1521,0.1914,0.2654,0.20336187,0.16199647,5.0E-4,0,2024,"{""geodesic"":false,""type"":""Point"",""coordinates"":[117.01504298281513,-1.047480537047568]}"
1_2_48_0,0.3388,0.2573,0.09175,0.1223,0.1524,0.1927,0.27488244,0.11677773,5.0E-4,0,2024,"{""geodesic"":false,""type"":""Point"",""coordinates"":[117.01917523312208,-1.0773944360087482]}"
1_2_49_0,0.421,0.2997,0.1272,0.2256,0.2718,0.2568,0.24225436,-0.028376874,5.0E-4,0,2024,"{""geodesic"":false,""type"":""Point"",""coordinates"":[116.94398624384128,-1.0866470834351791]}"
1_2_50_0,0.4534,0.3354,0.1466,0.2244,0.2614,0.3416,0.14062892,0.13300164,5.0E-4,0,2024,"{""geodesic"":false,""type"":""Point"",""coordinates"":[116.90104677326036,-1.0526009341670493]}"
1_2_51_0,0.4783,0.3408,0.1135,0.1715,0.2171,0.2845,0.25406396,0.13437003,5.0E-4,0,2024,"{""geodesic"":false,""type"":""Point"",""coordinates"":[116.90068744714672,-0.99879184864829]}"
1_2_52_0,0.30325,0.21885,0.1982,0.216,0.1912,0.3826,-0.11569584,0.3335657,4.5E-4,0,2024,"{""geodesic"":false,""type"":""Point"",""coordinates"":[117.0658876278963,-1.0966183830889058]}"
1_2_53_0,0.6055,0.4493,0.2464,0.3452,0.418,0.476,0.119741075,0.06487695,5.0E-4,0,2024,"{""geodesic"":false,""type"":""Point"",""coordinates"":[117.05106542570833,-0.9348318004189801]}"
1_2_54_0,0.4928,0.3294,0.1312,0.1796,0.2428,0.2866,0.2645625,0.082735166,5.0E-4,0,2024,"{""geodesic"":false,""type"":""Point"",""coordinates"":[117.02052270604827,-0.9468692252261817]}"
1_2_55_0,0.33515,0.22245,0.09275,0.1458,0.1272,0.436,-0.13077869,0.54829544,4.0E-4,0,2024,"{""geodesic"":false,""type"":""Point"",""coordinates"":[117.0275295652644,-0.780860560720894]}"
1_2_56_0,0.41695,0.34985,0.1625,0.2067,0.2596,0.2981,0.16621214,0.069033496,5.0E-4,0,2024,"{""geodesic"":false,""type"":""Point"",""coordinates"":[117.07729623200461,-0.7461855907538805]}"
1_2_57_0,0.4661,0.3164,0.1064,0.1573,0.1833,0.352,0.13946952,0.31515038,5.0E-4,0,2024,"{""geodesic"":false,""type"":""Point"",""coordinates"":[116.88110417395292,-0.9880120652388557]}"
1_2_58_0,0.4789,0.3351,0.1395,0.197,0.2633,0.3205,0.19814862,0.09797873,5.0E-4,0,2024,"{""geodesic"":false,""type"":""Point"",""coordinates"":[116.85110044346332,-1.0396651940757282]}"
1_2_59_0,0.44845,0.2866,0.1176,0.1687,0.2032,0.3674,0.09934425,0.28776726,5.0E-4,0,2024,"{""geodesic"":false,""type"":""Point"",""coordinates"":[116.7329719836016,-0.8480545439730343]}"
1_2_60_0,0.42465,0.29495,0.098,0.1298,0.1712,0.2658,0.23006736,0.21647595,5.0E-4,0,2024,"{""geodesic"":false,""type"":""Point"",""coordinates"":[116.70449538909502,-0.8569478652858176]}"
1_2_61_0,0.49015,0.34425,0.1056,0.1581,0.191,0.3009,0.23923898,0.22341941,5.0E-4,0,2024,"{""geodesic"":false,""type"":""Point"",""coordinates"":[116.77761825322234,-0.8306272274611155]}"
1_2_62_0,0.4851,0.3468,0.0952,0.134,0.192,0.2744,0.27741936,0.17667237,5.0E-4,0,2024,"{""geodesic"":false,""type"":""Point"",""coordinates"":[116.81301187541665,-0.797838719590753]}"
1_2_63_0,0.20545,0.17555,0.0713,0.0798,0.0945,0.10285,0.33279273,0.042310614,5.0E-4,0,2024,"{""geodesic"":false,""type"":""Point"",""coordinates"":[116.79648287418885,-0.718966637645059]}"
1_2_64_0,0.3843,0.2675,0.078,0.1086,0.1416,0.2048,0.3047021,0.18244803,5.0E-4,0,2024,"{""geodesic"":false,""type"":""Point"",""coordinates"":[116.66182541309934,-0.8539834248482231]}"
1_2_65_0,0.4736,0.3415,0.1577,0.2411,0.3077,0.365,0.12950154,0.08517913,5.0E-4,0,2024,"{""geodesic"":false,""type"":""Point"",""coordinates"":[116.65409990165591,-0.9751661566759465]}"
1_2_66_0,0.30345,0.22365,0.1557,0.1819,0.1921,0.2747,0.049727585,0.17694941,5.0E-4,0,2024,"{""geodesic"":false,""type"":""Point"",""coordinates"":[116.63739123737129,-1.0577213312865306]}"
1_2_67_0,0.35565,0.2915,0.1388,0.188,0.2337,0.2577,0.15969676,0.048840027,5.0E-4,0,2024,"{""geodesic"":false,""type"":""Point"",""coordinates"":[116.65284226025814,-1.0541280701500524]}"
1_2_68_0,0.28,0.24805,0.1202,0.1257,0.1715,0.2064,0.15131578,0.0923525,5.0E-4,0,2024,"{""geodesic"":false,""type"":""Point"",""coordinates"":[116.6833849799182,-1.0811673602020502]}"
1_2_69_0,0.24445,0.2126,0.07215,0.08105,0.1105,0.1235,0.32871315,0.05555554,5.0E-4,0,2024,"{""geodesic"":false,""type"":""Point"",""coordinates"":[116.71392769957826,-1.0861080942647074]}"
1_2_70_0,0.5575,0.3971,0.2123,0.2944,0.3762,0.3924,0.17380778,0.021077292,5.0E-4,0,2024,"{""geodesic"":false,""type"":""Point"",""coordinates"":[116.74249412561328,-0.9898985273355067]}"
1_2_71_0,0.37885,0.2914,0.1465,0.20485,0.2529,0.2688,0.16992205,0.03047726,3.5E-4,0,2024,"{""geodesic"":false,""type"":""Point"",""coordinates"":[116.77680976946664,-1.0413719931155552]}"
1_2_72_0,0.3535,0.2734,0.1192,0.1542,0.167,0.2812,0.11391211,0.25479695,5.0E-4,0,2024,"{""geodesic"":false,""type"":""Point"",""coordinates"":[116.65877114113333,-1.006427528563306]}"
1_2_73_0,0.4618,0.3099,0.1112,0.1434,0.1556,0.332,0.16351728,0.36177194,5.0E-4,0,2024,"{""geodesic"":false,""type"":""Point"",""coordinates"":[116.64700321091136,-0.8538935933198112]}"
1_2_74_0,0.48135,0.3201,0.1117,0.1559,0.1953,0.2858,0.2549045,0.1881106,5.0E-4,0,2024,"{""geodesic"":false,""type"":""Point"",""coordinates"":[116.66344238061075,-0.9151586956967626]}"
1_2_75_0,0.46965,0.35385,0.2037,0.2541,0.3001,0.363,0.12808502,0.0948575,5.0E-4,0,2024,"{""geodesic"":false,""type"":""Point"",""coordinates"":[117.11538480005129,-0.8211050854494486]}"
1_2_76_0,0.32275,0.1907,0.0647,0.1011,0.09005,0.364,-0.06006551,0.60334766,4.0E-4,0,2024,"{""geodesic"":false,""type"":""Point"",""coordinates"":[117.07073853043055,-0.9120145922023442]}"
1_2_77_0,0.5759,0.406,0.178,0.2576,0.3368,0.3528,0.24022828,0.023201859,5.0E-4,0,2024,"{""geodesic"":false,""type"":""Point"",""coordinates"":[117.14889196014894,-0.9635778895108047]}"
1_2_78_0,0.5196,0.3967,0.2226,0.2924,0.32,0.4204,0.1055319,0.13560238,5.0E-4,0,2024,"{""geodesic"":false,""type"":""Point"",""coordinates"":[117.04549587094678,-0.9731898630508836]}"
1_2_79_0,0.4672,0.3119,0.1102,0.1562,0.1904,0.3544,0.13729309,0.3010279,5.0E-4,0,2024,"{""geodesic"":false,""type"":""Point"",""coordinates"":[117.08735736318675,-0.9658236777211036]}"
1_2_80_0,0.3923,0.2649,0.1148,0.183,0.2084,0.2744,0.17684118,0.13670257,5.0E-4,0,2024,"{""geodesic"":false,""type"":""Point"",""coordinates"":[117.0966998421416,-0.9333944959643888]}"
1_2_81_0,0.4179,0.35695,0.1551,0.1982,0.2429,0.2661,0.22192983,0.04557955,5.0E-4,0,2024,"{""geodesic"":false,""type"":""Point"",""coordinates"":[117.05780279033922,-0.9954680820970477]}"
1_2_82_0,0.43125,0.29545,0.1138,0.1422,0.189,0.2252,0.3138853,0.0873974,5.0E-4,0,2024,"{""geodesic"":false,""type"":""Point"",""coordinates"":[117.03076350028722,-1.0097512951145482]}"
1_2_83_0,0.5529,0.4363,0.211,0.236,0.2696,0.3884,0.17475834,0.18054709,5.0E-4,0,2024,"{""geodesic"":false,""type"":""Point"",""coordinates"":[117.09077096126641,-1.0377787319790772]}"
1_2_84_0,0.4602,0.3385,0.115,0.1626,0.2174,0.2536,0.28943682,0.07685775,5.0E-4,0,2024,"{""geodesic"":false,""type"":""Point"",""coordinates"":[117.02312782037221,-1.0351736176551305]}"
1_2_85_0,0.5055,0.3825,0.1426,0.2108,0.2736,0.3156,0.23127513,0.07128309,5.0E-4,0,2024,"{""geodesic"":false,""type"":""Point"",""coordinates"":[117.00363437870682,-1.0031935935404757]}"
1_2_86_0,0.40435,0.27955,0.1286,0.1859,0.254,0.2766,0.18760556,0.04259328,5.0E-4,0,2024,"{""geodesic"":false,""type"":""Point"",""coordinates"":[117.01306668919007,-0.9863950977274406]}"
1_2_87_0,0.5705,0.367,0.1496,0.2534,0.3776,0.3932,0.18397842,0.020238707,5.0E-4,0,2024,"{""geodesic"":false,""type"":""Point"",""coordinates"":[116.99276476376897,-1.0243040027172843]}"
1_2_88_0,0.519,0.43925,0.2241,0.2563,0.3268,0.3942,0.13666229,0.09348129,5.0E-4,0,2024,"{""geodesic"":false,""type"":""Point"",""coordinates"":[117.1651514667915,-0.9353707895894517]}"
1_2_89_0,0.38705,0.2554,0.1683,0.2274,0.2947,0.3236,0.08928447,0.04674106,5.0E-4,0,2024,"{""geodesic"":false,""type"":""Point"",""coordinates"":[117.14979027543306,-0.9318673599813856]}"
1_2_90_0,0.4288,0.273,0.0746,0.0874,0.1148,0.2194,0.3230484,0.31298625,4.0E-4,0,2024,"{""geodesic"":false,""type"":""Point"",""coordinates"":[117.14790381333641,-0.9379759039133984]}"
1_2_91_0,0.48335,0.33485,0.1297,0.1973,0.2675,0.32,0.20333605,0.08936167,5.0E-4,0,2024,"{""geodesic"":false,""type"":""Point"",""coordinates"":[117.11691193603428,-0.9250401638220772]}"
1_2_92_0,0.3145,0.2689,0.1704,0.1962,0.203,0.2202,0.17636058,0.040642742,5.0E-4,0,2024,"{""geodesic"":false,""type"":""Point"",""coordinates"":[117.1726074836497,-0.9118349291455203]}"
1_2_93_0,0.4838,0.33135,0.1758,0.2445,0.297,0.3588,0.14835034,0.09423605,5.0E-4,0,2024,"{""geodesic"":false,""type"":""Point"",""coordinates"":[117.19407721894015,-0.8874905849458813]}"
1_2_94_0,0.4994,0.3842,0.173,0.2432,0.3244,0.3616,0.16004643,0.054227408,5.0E-4,0,2024,"{""geodesic"":false,""type"":""Point"",""coordinates"":[117.13793251368268,-0.897461884599608]}"
1_2_95_0,0.33915,0.23865,0.1457,0.2084,0.2722,0.2951,0.06945212,0.040366676,5.0E-4,0,2024,"{""geodesic"":false,""type"":""Point"",""coordinates"":[117.11655260992065,-0.9042890807589163]}"
1_2_96_0,0.4609,0.328,0.1383,0.194,0.2459,0.2929,0.2228708,0.08723087,5.0E-4,0,2024,"{""geodesic"":false,""type"":""Point"",""coordinates"":[117.09463371698813,-0.9117450976171083]}"
1_2_97_0,0.5111,0.3784,0.1574,0.1945,0.253,0.3264,0.22053729,0.1266828,5.0E-4,0,2024,"{""geodesic"":false,""type"":""Point"",""coordinates"":[117.06624695400994,-0.9185722937764167]}"
1_2_98_0,0.42185,0.2805,0.1322,0.1611,0.1961,0.2725,0.21509324,0.16303886,5.0E-4,0,2024,"{""geodesic"":false,""type"":""Point"",""coordinates"":[117.0380398540886,-0.9448031000727067]}"
1_2_99_0,0.3988,0.3958,0.212,0.2304,0.2544,0.2364,0.2556675,-0.03667486,5.0E-4,0,2024,"{""geodesic"":false,""type"":""Point"",""coordinates"":[117.08609972178898,-1.0089428113588406]}"
2_1_0_0,0.22655,0.11175,0.0598,0.0905,0.0808,0.3431,-0.20459934,0.61877805,4.0E-4,1,2026,"{""geodesic"":false,""type"":""Point"",""coordinates"":[116.8561310090544,-0.6892324017407029]}"
2_1_1_0,0.2819,0.17595,0.13375,0.1494,0.14415,0.35985,-0.12146475,0.42797616,4.5E-4,1,2026,"{""geodesic"":false,""type"":""Point"",""coordinates"":[116.79711169488773,-0.748970368134651]}"
2_1_2_0,0.1966,0.0816,0.0764,0.101,0.0687,0.4314,-0.37388533,0.72525495,4.0E-4,1,2026,"{""geodesic"":false,""type"":""Point"",""coordinates"":[116.80259141812087,-0.7736740384479379]}"
2_1_3_0,0.2012,0.084,0.0538,0.0727,0.0431,0.3962,-0.32641447,0.80377877,4.0E-4,1,2026,"{""geodesic"":false,""type"":""Point"",""coordinates"":[116.84032066005389,-0.8094269867558949]}"
2_1_4_0,0.21555,0.0901,0.03955,0.05455,0.03185,0.3972,-0.2964504,0.85153246,4.0E-4,1,2026,"{""geodesic"":false,""type"":""Point"",""coordinates"":[116.6885952085661,-0.8176914873697945]}"
2_1_5_0,0.2729,0.1237,0.0521,0.1014,0.0496,0.5396,-0.32824618,0.83163613,4.0E-4,1,2026,"{""geodesic"":false,""type"":""Point"",""coordinates"":[116.73324147818684,-0.8238000313018071]}"
2_1_6_0,0.1835,0.0782,0.0373,0.059,0.0322,0.366,-0.3321201,0.8382722,4.0E-4,1,2026,"{""geodesic"":false,""type"":""Point"",""coordinates"":[116.69344611110034,-0.8512884789958646]}"
2_1_7_0,0.1836,0.0763,0.04125,0.05635,0.03145,0.358,-0.32200888,0.8384902,4.0E-4,1,2026,"{""geodesic"":false,""type"":""Point"",""coordinates"":[116.60415357185886,-0.9474082143966533]}"
2_1_8_0,0.16395,0.0643,0.036,0.0598,0.0312,0.3943,-0.41262877,0.85334903,4.0E-4,1,2026,"{""geodesic"":false,""type"":""Point"",""coordinates"":[116.57253287385785,-0.9934019569435728]}"
2_1_9_0,0.0854,0.0341,0.0308,0.0523,0.0265,0.2542,-0.49705538,0.8111863,4.0E-4,1,2026,"{""geodesic"":false,""type"":""Point"",""coordinates"":[116.77303684527334,-1.0022952782563561]}"
2_1_10_0,0.2607,0.2167,1.4229,1.3223,1.374,1.0166,-0.5917952,-0.14950219,5.0E-4,1,2026,"{""geodesic"":false,""type"":""Point"",""coordinates"":[116.71473618333398,-1.0393956994904923]}"
2_1_11_0,0.1862,0.0779,0.0444,0.0665,0.0368,0.3757,-0.33724862,0.82157576,4.0E-4,1,2026,"{""geodesic"":false,""type"":""Point"",""coordinates"":[116.87742108128802,-1.0222378775638095]}"
2_1_12_0,0.1308,0.0515,0.0462,0.0654,0.0388,0.3325,-0.4353551,0.7910046,4.0E-4,1,2026,"{""geodesic"":false,""type"":""Point"",""coordinates"":[117.15347336809795,-0.8149067099890239]}"
2_1_13_0,0.09395,0.03925,0.03975,0.0499,0.0344,0.23345,-0.42608428,0.7431398,4.0E-4,1,2026,"{""geodesic"":false,""type"":""Point"",""coordinates"":[117.25094057642492,-0.7888555667495578]}"
2_1_14_0,0.12885,0.05315,0.0376,0.05125,0.03435,0.28515,-0.37753624,0.78497654,4.0E-4,1,2026,"{""geodesic"":false,""type"":""Point"",""coordinates"":[117.21940970995233,-0.8211050854494486]}"
2_1_15_0,0.1718,0.0741,0.0353,0.0597,0.037,0.2964,-0.2661256,0.7780444,4.0E-4,1,2026,"{""geodesic"":false,""type"":""Point"",""coordinates"":[117.11745092520476,-0.8413171793421379]}"
2_1_16_0,0.1859,0.07825,0.0425,0.06095,0.03425,0.32345,-0.27005005,0.80849874,4.0E-4,1,2026,"{""geodesic"":false,""type"":""Point"",""coordinates"":[117.07756572658985,-0.8341306570691817]}"
2_1_17_0,0.2234,0.1008,0.0453,0.0653,0.0346,0.3835,-0.26379967,0.83448935,4.0E-4,1,2026,"{""geodesic"":false,""type"":""Point"",""coordinates"":[116.99105796472914,-0.7031562886445555]}"
2_1_18_0,0.175,0.07825,0.0411,0.05675,0.0325,0.28625,-0.24119242,0.79607844,4.0E-4,1,2026,"{""geodesic"":false,""type"":""Point"",""coordinates"":[116.98485958926872,-0.7450177808845252]}"
2_1_19_0,0.1987,0.0884,0.0474,0.0662,0.0375,0.3267,-0.24362391,0.7940692,4.0E-4,1,2026,"{""geodesic"":false,""type"":""Point"",""coordinates"":[116.95530501642119,-0.9270164574471402]}"
2_1_20_0,0.2147,0.0904,0.0418,0.0487,0.0317,0.3713,-0.26723552,0.8426799,4.0E-4,1,2026,"{""geodesic"":false,""type"":""Point"",""coordinates"":[116.98135615966065,-0.7841843272721363]}"
2_1_21_0,0.2389,0.10855,0.0507,0.0742,0.04365,0.40465,-0.25755572,0.80526435,4.0E-4,1,2026,"{""geodesic"":false,""type"":""Point"",""coordinates"":[116.94290826550034,-0.7979285511191649]}"
2_1_22_0,0.2391,0.101,0.0435,0.0764,0.0373,0.44505,-0.3010305,0.8453405,4.0E-4,1,2026,"{""geodesic"":false,""type"":""Point"",""coordinates"":[116.98000868673448,-0.8274831239666972]}"
2_1_23_0,0.22695,0.0979,0.04985,0.0704,0.03785,0.40345,-0.27998096,0.82846135,4.0E-4,1,2026,"{""geodesic"":false,""type"":""Point"",""coordinates"":[117.03696187574765,-0.8274831239666972]}"
2_1_24_0,0.2144,0.0952,0.0473,0.0699,0.0415,0.3674,-0.26297697,0.7970164,4.0E-4,1,2026,"{""geodesic"":false,""type"":""Point"",""coordinates"":[116.98207481188794,-0.8665598388258964]}"
2_1_25_0,0.35335,0.22815,0.19075,0.2035,0.1736,0.5022,-0.17398164,0.48623854,4.5E-4,1,2026,"{""geodesic"":false,""type"":""Point"",""coordinates"":[116.89143479972029,-0.8061930517330645]}"
2_1_26_0,0.14525,0.064,0.0322,0.0432,0.0287,0.2605,-0.28404194,0.8015214,4.0E-4,1,2026,"{""geodesic"":false,""type"":""Point"",""coordinates"":[116.85568185141233,-0.8776091168205665]}"
2_1_27_0,0.1368,0.0526,0.0298,0.0512,0.0297,0.3337,-0.41849095,0.83654374,4.0E-4,1,2026,"{""geodesic"":false,""type"":""Point"",""coordinates"":[117.07810471576032,-1.045683906479329]}"
2_1_28_0,0.201,0.08115,0.0385,0.06005,0.03005,0.3995,-0.33055788,0.86008614,4.0E-4,1,2026,"{""geodesic"":false,""type"":""Point"",""coordinates"":[116.9929444268258,-1.0429889606269704]}"
2_1_29_0,0.2026,0.0896,0.0326,0.0605,0.02965,0.3921,-0.31864807,0.8593954,4.0E-4,1,2026,"{""geodesic"":false,""type"":""Point"",""coordinates"":[116.7705215624778,-0.9585473239197354]}"
2_1_30_0,0.1143,0.0374,0.03365,0.0547,0.02405,0.36915,-0.52714866,0.8776704,4.0E-4,1,2026,"{""geodesic"":false,""type"":""Point"",""coordinates"":[116.73449911958461,-0.9715728955394685]}"
2_1_31_0,0.1643,0.0675,0.0228,0.0452,0.0259,0.3193,-0.32051283,0.849942,4.0E-4,1,2026,"{""geodesic"":false,""type"":""Point"",""coordinates"":[116.72084472726598,-0.8882092371731769]}"
2_1_32_0,0.22505,0.1019,0.0385,0.0604,0.03415,0.36965,-0.2431478,0.83085686,4.0E-4,1,2026,"{""geodesic"":false,""type"":""Point"",""coordinates"":[116.69883600280507,-0.8686259639793713]}"
2_1_33_0,0.17615,0.0901,0.07505,0.0828,0.0602,0.3115,-0.27755564,0.6760829,4.0E-4,1,2026,"{""geodesic"":false,""type"":""Point"",""coordinates"":[117.04702300692979,-0.8439222936660845]}"
2_1_34_0,0.22515,0.1004,0.05355,0.0829,0.0479,0.38855,-0.2662539,0.7805018,4.0E-4,1,2026,"{""geodesic"":false,""type"":""Point"",""coordinates"":[116.85065128582126,-0.959265976147031]}"
2_1_35_0,0.21735,0.13855,0.0636,0.0855,0.0706,0.35935,-0.24622852,0.67158973,4.0E-4,1,2026,"{""geodesic"":false,""type"":""Point"",""coordinates"":[116.90760447483444,-0.8220034007335681]}"
2_1_36_0,0.1638,0.0707,0.0474,0.07025,0.0412,0.34095,-0.35096583,0.7843779,4.0E-4,1,2026,"{""geodesic"":false,""type"":""Point"",""coordinates"":[117.1455681935977,-0.9559422095957888]}"
2_1_37_0,0.13735,0.05755,0.0102,0.0284,0.01455,0.261,-0.31040546,0.894393,4.0E-4,1,2026,"{""geodesic"":false,""type"":""Point"",""coordinates"":[117.10640164721009,-0.9584574923913235]}"
2_1_38_0,0.1556,0.0633,0.0356,0.0541,0.0305,0.2961,-0.31104714,0.8132272,4.0E-4,1,2026,"{""geodesic"":false,""type"":""Point"",""coordinates"":[117.092208265721,-0.8795854104456294]}"
2_1_39_0,0.147,0.0659,0.0511,0.06415,0.03935,0.28335,-0.3168351,0.7561202,4.0E-4,1,2026,"{""geodesic"":false,""type"":""Point"",""coordinates"":[117.10595248956803,-0.7457364331118208]}"
2_1_40_0,0.1825,0.07685,0.03815,0.05725,0.0298,0.348,-0.31196982,0.84224457,4.0E-4,1,2026,"{""geodesic"":false,""type"":""Point"",""coordinates"":[116.67170688122465,-0.9674406452325187]}"
2_1_41_0,0.03385,0.01455,0.03585,0.0427,0.031,0.0344,-0.0080586355,0.051987793,5.5E-4,1,2026,"{""geodesic"":false,""type"":""Point"",""coordinates"":[116.71132258525432,-1.0725435334745026]}"
2_1_42_0,0.14445,0.0557,0.03295,0.05715,0.02895,0.35475,-0.42127407,0.8491009,4.0E-4,1,2026,"{""geodesic"":false,""type"":""Point"",""coordinates"":[116.70710050341896,-1.099942149640148]}"
2_1_43_0,0.2047,0.0847,0.0333,0.0547,0.0257,0.3855,-0.30633688,0.875,4.0E-4,1,2026,"{""geodesic"":false,""type"":""Point"",""coordinates"":[116.76558082841514,-1.0462228956498008]}"
2_1_44_0,0.1917,0.0985,0.0682,0.0807,0.0518,0.3193,-0.24970646,0.72082996,4.0E-4,1,2026,"{""geodesic"":false,""type"":""Point"",""coordinates"":[116.79702186335933,-1.019273437126215]}"
2_1_45_0,0.29685,0.1962,0.08545,0.12125,0.0915,0.50365,-0.25833854,0.6925145,4.5E-4,1,2026,"{""geodesic"":false,""type"":""Point"",""coordinates"":[116.85478353612821,-0.9845086356307896]}"
2_1_46_0,0.1643,0.06745,0.05135,0.06075,0.0378,0.3279,-0.3323852,0.79327315,4.0E-4,1,2026,"{""geodesic"":false,""type"":""Point"",""coordinates"":[116.94317776008558,-0.9664524984199871]}"
2_1_47_0,0.2853,0.2247,0.1943,0.2089,0.1963,0.4438,-0.21739133,0.38665834,5.0E-4,1,2026,"{""geodesic"":false,""type"":""Point"",""coordinates"":[117.04244159898077,-1.0690401038664366]}"
2_1_48_0,0.33955,0.25645,0.2366,0.24345,0.21995,0.46755,-0.15859252,0.36014545,4.5E-4,1,2026,"{""geodesic"":false,""type"":""Point"",""coordinates"":[116.78696073217719,-0.8170626666709108]}"
2_1_49_0,0.1771,0.0717,0.0353,0.0561,0.0317,0.3953,-0.38120195,0.85152227,4.0E-4,1,2026,"{""geodesic"":false,""type"":""Point"",""coordinates"":[116.76090958893772,-0.7388194054241004]}"
2_1_50_0,0.1385,0.0598,0.0278,0.0568,0.0342,0.3477,-0.4302756,0.8208955,4.0E-4,1,2026,"{""geodesic"":false,""type"":""Point"",""coordinates"":[117.22228431886151,-0.8933296342926581]}"
2_1_51_0,0.1929,0.08425,0.0333,0.05115,0.03225,0.33815,-0.27351472,0.82586396,4.0E-4,1,2026,"{""geodesic"":false,""type"":""Point"",""coordinates"":[117.15949208050155,-0.9041094177020924]}"
2_1_52_0,0.2358,0.1015,0.0509,0.0915,0.04395,0.5122,-0.36951873,0.8419491,4.0E-4,1,2026,"{""geodesic"":false,""type"":""Point"",""coordinates"":[117.0200735484062,-1.101828611736799]}"
2_1_53_0,0.25665,0.1274,0.0436,0.069,0.03935,0.41335,-0.23388058,0.8261542,4.0E-4,1,2026,"{""geodesic"":false,""type"":""Point"",""coordinates"":[116.90832312706173,-1.0395753625473163]}"
2_1_54_0,0.1944,0.0817,0.0247,0.0497,0.0236,0.3743,-0.3163355,0.8813772,4.0E-4,1,2026,"{""geodesic"":false,""type"":""Point"",""coordinates"":[116.94659135816522,-0.995018924454988]}"
2_1_55_0,0.3508,0.1787,0.0991,0.1632,0.1613,0.5078,-0.18285578,0.5178598,4.0E-4,1,2026,"{""geodesic"":false,""type"":""Point"",""coordinates"":[117.00614966150235,-0.9077925103669824]}"
2_1_56_0,0.20815,0.08435,0.04835,0.06165,0.038,0.3695,-0.2793214,0.81349695,4.0E-4,1,2026,"{""geodesic"":false,""type"":""Point"",""coordinates"":[117.04351957732172,-0.8975517161280199]}"
2_1_57_0,0.20705,0.0899,0.0398,0.05775,0.03145,0.33925,-0.2419916,0.830321,4.0E-4,1,2026,"{""geodesic"":false,""type"":""Point"",""coordinates"":[116.94587270593793,-0.8446409458933801]}"
2_1_58_0,0.21975,0.0916,0.0352,0.06085,0.03165,0.43065,-0.324262,0.8630759,4.0E-4,1,2026,"{""geodesic"":false,""type"":""Point"",""coordinates"":[116.76099942046613,-0.8849753021503466]}"
2_1_59_0,0.1841,0.0759,0.0446,0.0645,0.035,0.365,-0.3294482,0.825,4.0E-4,1,2026,"{""geodesic"":false,""type"":""Point"",""coordinates"":[116.80025579838215,-0.8435629675524366]}"
2_1_60_0,0.2,0.0843,0.0318,0.056,0.0316,0.3809,-0.31141332,0.84678787,4.0E-4,1,2026,"{""geodesic"":false,""type"":""Point"",""coordinates"":[116.7968422003025,-0.8633259038030662]}"
2_1_61_0,0.138,0.0513,0.0241,0.0401,0.01895,0.35045,-0.4349473,0.8974012,4.0E-4,1,2026,"{""geodesic"":false,""type"":""Point"",""coordinates"":[116.64637439021249,-0.9947494298697521]}"
2_1_62_0,0.1766,0.0757,0.0339,0.0541,0.0265,0.3699,-0.3537054,0.86629665,4.0E-4,1,2026,"{""geodesic"":false,""type"":""Point"",""coordinates"":[116.53803756694766,-0.9953782505686358]}"
2_1_63_0,0.16575,0.0689,0.02765,0.04315,0.02175,0.31395,-0.3089431,0.87042004,4.0E-4,1,2026,"{""geodesic"":false,""type"":""Point"",""coordinates"":[116.59822469098367,-1.0014867945006485]}"
2_1_64_0,0.2118,0.0873,0.0352,0.0608,0.036,0.4438,-0.35387433,0.8499375,4.0E-4,1,2026,"{""geodesic"":false,""type"":""Point"",""coordinates"":[116.68967318690704,-1.0305023781777092]}"
2_1_65_0,0.2647,0.1288,0.0615,0.0827,0.0618,0.395,-0.19751404,0.7294221,4.0E-4,1,2026,"{""geodesic"":false,""type"":""Point"",""coordinates"":[116.88308046757798,-0.8995280097530829]}"
2_1_66_0,0.2168,0.0985,0.0576,0.0582,0.0403,0.3167,-0.187254,0.7742297,4.0E-4,1,2026,"{""geodesic"":false,""type"":""Point"",""coordinates"":[116.86313786827053,-0.7463652538107044]}"
2_1_67_0,0.282,0.1534,0.1097,0.1265,0.1117,0.4153,-0.19116592,0.5760911,4.0E-4,1,2026,"{""geodesic"":false,""type"":""Point"",""coordinates"":[116.865203993424,-0.8301780698190557]}"
2_1_68_0,0.21325,0.12355,0.0869,0.1021,0.0861,0.314,-0.19108585,0.5696076,4.5E-4,1,2026,"{""geodesic"":false,""type"":""Point"",""coordinates"":[116.81750345183725,-0.9310588762256781]}"
2_1_69_0,0.1398,0.0656,0.0321,0.0532,0.0431,0.3345,-0.41049972,0.7717161,4.0E-4,1,2026,"{""geodesic"":false,""type"":""Point"",""coordinates"":[116.7404280004598,-0.8435629675524366]}"
2_1_70_0,0.1708,0.07495,0.0346,0.053,0.0285,0.30625,-0.2839325,0.82972366,4.0E-4,1,2026,"{""geodesic"":false,""type"":""Point"",""coordinates"":[116.66146608698568,-0.8456290927059116]}"
2_1_71_0,0.17485,0.0659,0.04605,0.06335,0.03565,0.42065,-0.41276237,0.84374315,4.0E-4,1,2026,"{""geodesic"":false,""type"":""Point"",""coordinates"":[116.80151343977992,-0.6780932922176208]}"
2_1_72_0,0.2833,0.1405,0.04565,0.08505,0.04785,0.45675,-0.23437604,0.8103448,4.0E-4,1,2026,"{""geodesic"":false,""type"":""Point"",""coordinates"":[117.02420579871315,-0.9644762047949242]}"
2_1_73_0,0.2419,0.10935,0.04615,0.06455,0.0373,0.3711,-0.21076673,0.81733596,4.0E-4,1,2026,"{""geodesic"":false,""type"":""Point"",""coordinates"":[117.00138859049652,-0.9605236175447983]}"
2_1_74_0,0.1775,0.076,0.0545,0.07015,0.04195,0.2837,-0.23026887,0.7423614,4.0E-4,1,2026,"{""geodesic"":false,""type"":""Point"",""coordinates"":[117.07675724283415,-0.7760994897150606]}"
2_1_75_0,0.228,0.1081,0.044,0.0743,0.0503,0.3848,-0.25587466,0.76878875,4.0E-4,1,2026,"{""geodesic"":false,""type"":""Point"",""coordinates"":[116.76540116535831,-0.7788842670958311]}"
2_1_76_0,0.21665,0.09455,0.0305,0.0547,0.0279,0.37525,-0.26795068,0.86158997,4.0E-4,1,2026,"{""geodesic"":false,""type"":""Point"",""coordinates"":[116.82208485978626,-0.9955579136254596]}"
2_1_77_0,0.19455,0.105,0.0549,0.0762,0.04675,0.37805,-0.32046807,0.77989644,4.0E-4,1,2026,"{""geodesic"":false,""type"":""Point"",""coordinates"":[117.01576163504242,-0.7820283705902494]}"
2_1_78_0,0.22405,0.1112,0.08975,0.11185,0.11855,0.301,-0.14655747,0.4348707,4.0E-4,1,2026,"{""geodesic"":false,""type"":""Point"",""coordinates"":[116.91164689361298,-0.8989890205826111]}"
2_1_79_0,0.1572,0.0601,0.039,0.0447,0.0258,0.2612,-0.248566,0.8202091,4.0E-4,1,2026,"{""geodesic"":false,""type"":""Point"",""coordinates"":[117.02160068438921,-0.8441917882513204]}"
2_1_80_0,0.2082,0.1011,0.03205,0.04695,0.04425,0.27805,-0.14365041,0.7254111,4.0E-4,1,2026,"{""geodesic"":false,""type"":""Point"",""coordinates"":[116.6885952085661,-0.9052772275714478]}"
2_1_81_0,0.2336,0.1116,0.0493,0.0749,0.041,0.4021,-0.26506212,0.8149402,4.0E-4,1,2026,"{""geodesic"":false,""type"":""Point"",""coordinates"":[116.83178666485475,-0.7213022573837697]}"
2_1_82_0,0.25325,0.137,0.0384,0.0614,0.05275,0.26125,-0.015549051,0.66401273,4.0E-4,1,2026,"{""geodesic"":false,""type"":""Point"",""coordinates"":[116.64448792811584,-0.9268367943903163]}"
2_1_83_0,0.1775,0.08025,0.0515,0.07075,0.04485,0.36025,-0.33984193,0.7785732,4.0E-4,1,2026,"{""geodesic"":false,""type"":""Point"",""coordinates"":[117.15877342827426,-0.8571275283426414]}"
2_1_84_0,0.1659,0.0654,0.0316,0.0486,0.0254,0.3533,-0.3609399,0.8658569,4.0E-4,1,2026,"{""geodesic"":false,""type"":""Point"",""coordinates"":[116.71231073206685,-0.9178536415491211]}"
2_1_85_0,0.1554,0.0627,0.0302,0.0483,0.0235,0.3501,-0.38516325,0.874197,4.0E-4,1,2026,"{""geodesic"":false,""type"":""Point"",""coordinates"":[116.68850537703769,-0.940401355180521]}"
2_1_86_0,0.1573,0.05,0.033,0.055,0.0241,0.4451,-0.47775567,0.89727193,4.0E-4,1,2026,"{""geodesic"":false,""type"":""Point"",""coordinates"":[116.62131139378555,-0.9227045440833664]}"
2_1_87_0,0.18865,0.07935,0.02905,0.05285,0.0249,0.41955,-0.37964487,0.8879514,4.0E-4,1,2026,"{""geodesic"":false,""type"":""Point"",""coordinates"":[116.58277366809682,-0.9684287920450502]}"
2_1_88_0,0.19655,0.0889,0.04005,0.06655,0.0298,0.4374,-0.37991956,0.8724315,4.0E-4,1,2026,"{""geodesic"":false,""type"":""Point"",""coordinates"":[116.67494081624749,-0.8854244597924064]}"
2_1_89_0,0.1426,0.0564,0.025,0.03965,0.0213,0.32375,-0.38844213,0.87653965,4.0E-4,1,2026,"{""geodesic"":false,""type"":""Point"",""coordinates"":[116.61376554539895,-1.0167581543306803]}"
2_1_90_0,0.1854,0.0737,0.0288,0.0496,0.0219,0.3269,-0.27620536,0.8744266,4.0E-4,1,2026,"{""geodesic"":false,""type"":""Point"",""coordinates"":[116.57837192320463,-1.011907251796435]}"
2_1_91_0,0.2274,0.09855,0.0407,0.06845,0.0417,0.38305,-0.25497583,0.8036492,4.0E-4,1,2026,"{""geodesic"":false,""type"":""Point"",""coordinates"":[116.74321277784057,-0.916146842509294]}"
2_1_92_0,0.13295,0.0547,0.0215,0.0405,0.0209,0.28275,-0.36035606,0.8623415,4.0E-4,1,2026,"{""geodesic"":false,""type"":""Point"",""coordinates"":[116.63541494374623,-1.041731319229203]}"
2_1_93_0,0.1477,0.0569,0.02615,0.04465,0.02145,0.34995,-0.40641013,0.8844911,4.0E-4,1,2026,"{""geodesic"":false,""type"":""Point"",""coordinates"":[116.64089466697935,-0.8733870349852048]}"
2_1_94_0,0.18405,0.07615,0.0269,0.0512,0.0239,0.369,-0.33441824,0.87834054,4.0E-4,1,2026,"{""geodesic"":false,""type"":""Point"",""coordinates"":[116.61376554539895,-0.9581879978060875]}"
2_1_95_0,0.22615,0.1024,0.0422,0.0596,0.0347,0.36865,-0.2395763,0.827941,4.0E-4,1,2026,"{""geodesic"":false,""type"":""Point"",""coordinates"":[116.9615033918816,-1.0856589366226477]}"
2_1_96_0,0.18915,0.0812,0.04425,0.07,0.03585,0.41945,-0.37840948,0.8425214,4.0E-4,1,2026,"{""geodesic"":false,""type"":""Point"",""coordinates"":[116.96563564218856,-0.8867719327185857]}"
2_1_97_0,0.1674,0.0722,0.0376,0.0494,0.0319,0.2795,-0.2508391,0.7951188,4.0E-4,1,2026,"{""geodesic"":false,""type"":""Point"",""coordinates"":[116.95674232087578,-0.8098761443979546]}"
2_1_98_0,0.27925,0.145,0.036,0.0784,0.05605,0.29405,-0.025815476,0.67980576,4.0E-4,1,2026,"{""geodesic"":false,""type"":""Point"",""coordinates"":[117.09607102144271,-0.985586613971733]}"
2_1_99_0,0.2305,0.1036,0.0434,0.0693,0.0407,0.3677,-0.22935475,0.8006856,4.0E-4,1,2026,"{""geodesic"":false,""type"":""Point"",""coordinates"":[117.17691939701348,-0.7615467821123243]}"
2_2_0_0,0.4529,0.2953,0.1586,0.2505,0.2896,0.3586,0.11620457,0.10644859,5.0E-4,0,2026,"{""geodesic"":false,""type"":""Point"",""coordinates"":[116.92898437859648,-0.9946595983413402]}"
2_2_1_0,0.3899,0.2613,0.0837,0.1158,0.1346,0.2583,0.20302375,0.3148384,5.0E-4,0,2026,"{""geodesic"":false,""type"":""Point"",""coordinates"":[116.62966572592786,-0.9431861325612916]}"
2_2_2_0,0.4459,0.2884,0.0842,0.106,0.1382,0.2334,0.312822,0.25618947,5.0E-4,0,2026,"{""geodesic"":false,""type"":""Point"",""coordinates"":[116.64565573798518,-0.9669016560620469]}"
2_2_3_0,0.4337,0.2899,0.0966,0.1399,0.1896,0.2639,0.24340594,0.16383684,5.0E-4,0,2026,"{""geodesic"":false,""type"":""Point"",""coordinates"":[116.65868130960492,-0.9337538220780366]}"
2_2_4_0,0.4568,0.2958,0.0919,0.1207,0.1615,0.2612,0.2724234,0.23586468,5.0E-4,0,2026,"{""geodesic"":false,""type"":""Point"",""coordinates"":[116.62158088837079,-0.968608455101874]}"
2_2_5_0,0.4347,0.3136,0.1065,0.1417,0.1908,0.2441,0.28078964,0.122556925,5.0E-4,0,2026,"{""geodesic"":false,""type"":""Point"",""coordinates"":[116.6089146428647,-0.9711237378974087]}"
2_2_6_0,0.4592,0.2994,0.0914,0.1248,0.1791,0.2703,0.25894448,0.20293723,5.0E-4,0,2026,"{""geodesic"":false,""type"":""Point"",""coordinates"":[116.6020874467054,-0.97992722768178]}"
2_2_7_0,0.4129,0.2716,0.0844,0.1142,0.1453,0.2244,0.29577908,0.21395725,5.0E-4,0,2026,"{""geodesic"":false,""type"":""Point"",""coordinates"":[116.60873497980788,-0.9995105008755856]}"
2_2_8_0,0.4855,0.3168,0.0994,0.1471,0.1775,0.2932,0.24695008,0.24580412,5.0E-4,0,2026,"{""geodesic"":false,""type"":""Point"",""coordinates"":[116.66173558157092,-0.9407606812941689]}"
2_2_9_0,0.42905,0.2882,0.09265,0.13115,0.1677,0.23975,0.28304425,0.17683153,5.0E-4,0,2026,"{""geodesic"":false,""type"":""Point"",""coordinates"":[116.64673371632612,-0.9420183226919362]}"
2_2_10_0,0.4293,0.30095,0.1444,0.1985,0.25515,0.30065,0.17624496,0.081864,5.0E-4,0,2026,"{""geodesic"":false,""type"":""Point"",""coordinates"":[116.69182914358893,-0.9647456993801601]}"
2_2_11_0,0.4677,0.37835,0.13395,0.2042,0.2612,0.29835,0.22106911,0.06639263,5.0E-4,0,2026,"{""geodesic"":false,""type"":""Point"",""coordinates"":[116.70979544927133,-0.947947203567125]}"
2_2_12_0,0.3752,0.2989,0.11655,0.15705,0.19415,0.2207,0.2592717,0.06399903,5.0E-4,0,2026,"{""geodesic"":false,""type"":""Point"",""coordinates"":[116.7156344986181,-0.9526184430445466]}"
2_2_13_0,0.5164,0.3954,0.1563,0.2196,0.3047,0.3499,0.19219667,0.069049835,5.0E-4,0,2026,"{""geodesic"":false,""type"":""Point"",""coordinates"":[116.72057523268076,-0.9596253022606788]}"
2_2_14_0,0.33955,0.2853,0.267,0.29565,0.29785,0.29445,0.0711356,-0.0057403306,5.0E-4,0,2026,"{""geodesic"":false,""type"":""Point"",""coordinates"":[116.69829701363459,-0.9604337860163864]}"
2_2_15_0,0.45885,0.43465,0.318,0.3622,0.3879,0.4033,0.06443196,0.019464096,5.0E-4,0,2026,"{""geodesic"":false,""type"":""Point"",""coordinates"":[116.69964448656077,-0.9713932324826445]}"
2_2_16_0,0.41615,0.29675,0.1257,0.1634,0.2123,0.27795,0.19910678,0.13391124,5.0E-4,0,2026,"{""geodesic"":false,""type"":""Point"",""coordinates"":[116.72057523268076,-0.9699559280280533]}"
2_2_17_0,0.417,0.2701,0.0968,0.1646,0.214,0.3057,0.1540058,0.17644796,5.0E-4,0,2026,"{""geodesic"":false,""type"":""Point"",""coordinates"":[116.68599009424216,-0.9783102601703648]}"
2_2_18_0,0.3513,0.24645,0.1191,0.15275,0.19355,0.2437,0.18084034,0.11469409,5.0E-4,0,2026,"{""geodesic"":false,""type"":""Point"",""coordinates"":[116.70790898717468,-0.9827120050625505]}"
2_2_19_0,0.2803,0.2024,0.1075,0.1602,0.1951,0.2043,0.15683036,0.023034569,5.0E-4,0,2026,"{""geodesic"":false,""type"":""Point"",""coordinates"":[116.70323774769724,-0.9857662770285569]}"
2_2_20_0,0.2685,0.1904,0.1012,0.1677,0.2091,0.1951,0.15832616,-0.034636315,5.0E-4,0,2026,"{""geodesic"":false,""type"":""Point"",""coordinates"":[116.67628828917367,-0.9851374563296732]}"
2_2_21_0,0.33175,0.30825,0.17585,0.20115,0.21145,0.21655,0.21010399,0.011915881,5.0E-4,0,2026,"{""geodesic"":false,""type"":""Point"",""coordinates"":[116.69856650821983,-1.0037325827109473]}"
2_2_22_0,0.187,0.1692,0.1008,0.1296,0.1602,0.1661,0.05919006,0.018081507,5.0E-4,0,2026,"{""geodesic"":false,""type"":""Point"",""coordinates"":[116.66272372838345,-0.996815555023227]}"
2_2_23_0,0.4563,0.33375,0.1109,0.1592,0.21165,0.29885,0.2085016,0.17081293,5.0E-4,0,2026,"{""geodesic"":false,""type"":""Point"",""coordinates"":[116.66326271755393,-1.0172971435011522]}"
2_2_24_0,0.3871,0.3647,0.2788,0.3298,0.3472,0.3342,0.07333983,-0.019078385,5.0E-4,0,2026,"{""geodesic"":false,""type"":""Point"",""coordinates"":[116.68841554550927,-1.0075055069042493]}"
2_2_25_0,0.2669,0.2332,0.1716,0.2013,0.2363,0.2397,0.05369127,0.0071428525,5.0E-4,0,2026,"{""geodesic"":false,""type"":""Point"",""coordinates"":[116.67269502803718,-1.0229565297911052]}"
2_2_26_0,0.2692,0.19955,0.1078,0.1786,0.2264,0.1991,0.14969036,-0.06415981,5.0E-4,0,2026,"{""geodesic"":false,""type"":""Point"",""coordinates"":[116.67089839746895,-1.0142428715351457]}"
2_2_27_0,0.3027,0.22475,0.21895,0.21655,0.19875,0.4314,-0.17531669,0.36919782,4.5E-4,0,2026,"{""geodesic"":false,""type"":""Point"",""coordinates"":[116.68895453467975,-1.0133445562510262]}"
2_2_28_0,0.4669,0.32095,0.13295,0.22685,0.30325,0.3478,0.1461888,0.06842788,5.0E-4,0,2026,"{""geodesic"":false,""type"":""Point"",""coordinates"":[116.65140495580356,-0.9900781903923306]}"
2_2_29_0,0.51175,0.40505,0.4132,0.4503,0.39995,0.41965,0.0988834,0.024036104,5.0E-4,0,2026,"{""geodesic"":false,""type"":""Point"",""coordinates"":[116.70458522062343,-0.9774119448862454]}"
2_2_30_0,0.3175,0.27795,0.1209,0.14855,0.1683,0.19275,0.24448797,0.06771916,5.0E-4,0,2026,"{""geodesic"":false,""type"":""Point"",""coordinates"":[116.71850910752728,-0.9448929316011186]}"
2_2_31_0,0.34825,0.30285,0.15535,0.18045,0.1972,0.25355,0.15736127,0.12501386,5.0E-4,0,2026,"{""geodesic"":false,""type"":""Point"",""coordinates"":[116.73863136989156,-0.9499234971921879]}"
2_2_32_0,0.51105,0.3436,0.14315,0.2319,0.3147,0.37315,0.15596019,0.0849749,5.0E-4,0,2026,"{""geodesic"":false,""type"":""Point"",""coordinates"":[116.75039930011353,-0.9521692854024868]}"
2_2_33_0,0.317,0.28035,0.1677,0.19915,0.20385,0.2409,0.13640438,0.08330522,5.0E-4,0,2026,"{""geodesic"":false,""type"":""Point"",""coordinates"":[116.7419551364428,-0.9390538822543418]}"
2_2_34_0,0.2595,0.1893,0.1737,0.1918,0.1859,0.2742,-0.027543556,0.19191478,5.0E-4,0,2026,"{""geodesic"":false,""type"":""Point"",""coordinates"":[116.74842300648847,-0.9333046644359768]}"
2_2_35_0,0.262,0.2275,0.18015,0.2047,0.1922,0.22965,0.06579882,0.08877563,5.0E-4,0,2026,"{""geodesic"":false,""type"":""Point"",""coordinates"":[116.75165694151129,-0.9251299953504892]}"
2_2_36_0,0.34355,0.31455,0.1964,0.2347,0.25785,0.27395,0.112712525,0.030274576,5.0E-4,0,2026,"{""geodesic"":false,""type"":""Point"",""coordinates"":[116.75210609915335,-0.9283639303733194]}"
2_2_37_0,0.06545,0.0372,0.06695,0.09995,0.13135,0.17645,-0.4588673,0.14652373,5.0E-4,0,2026,"{""geodesic"":false,""type"":""Point"",""coordinates"":[116.76710796439815,-0.9192011144753004]}"
2_2_38_0,0.4234,0.37715,0.2459,0.2047,0.1964,0.29165,0.18425287,0.19516443,5.0E-4,0,2026,"{""geodesic"":false,""type"":""Point"",""coordinates"":[116.76261638797754,-0.914170548884231]}"
2_2_39_0,0.4185,0.3253,0.11,0.1534,0.1821,0.2656,0.22350535,0.18650882,5.0E-4,0,2026,"{""geodesic"":false,""type"":""Point"",""coordinates"":[116.7855234277226,-0.8942279495767776]}"
2_2_40_0,0.2597,0.1516,0.0637,0.0925,0.0969,0.2438,0.03157895,0.43117112,4.0E-4,0,2026,"{""geodesic"":false,""type"":""Point"",""coordinates"":[116.76962324719368,-0.8975517161280199]}"
2_2_41_0,0.3325,0.2398,0.12435,0.1594,0.1828,0.24015,0.1612678,0.13559525,5.0E-4,0,2026,"{""geodesic"":false,""type"":""Point"",""coordinates"":[116.78327763951229,-0.9116552660886964]}"
2_2_42_0,0.3343,0.2814,0.1621,0.1908,0.2217,0.2559,0.13283636,0.07160804,5.0E-4,0,2026,"{""geodesic"":false,""type"":""Point"",""coordinates"":[116.80178293436516,-0.9121942552591681]}"
2_2_43_0,0.31115,0.25735,0.11545,0.14695,0.15715,0.2767,0.058603425,0.27555606,5.0E-4,0,2026,"{""geodesic"":false,""type"":""Point"",""coordinates"":[116.81166440249048,-0.9130027390148756]}"
2_2_44_0,0.4225,0.29685,0.0837,0.1103,0.1387,0.2384,0.27855957,0.26438612,5.0E-4,0,2026,"{""geodesic"":false,""type"":""Point"",""coordinates"":[116.68832571398086,-0.8950364333324853]}"
2_2_45_0,0.38405,0.2354,0.0629,0.09755,0.1057,0.2637,0.18579699,0.42772064,4.0E-4,0,2026,"{""geodesic"":false,""type"":""Point"",""coordinates"":[116.66119659240046,-0.905007732986212]}"
2_2_46_0,0.45995,0.3073,0.09775,0.12335,0.14015,0.29515,0.21824922,0.3560763,5.0E-4,0,2026,"{""geodesic"":false,""type"":""Point"",""coordinates"":[116.72443798840247,-0.8454494296490876]}"
2_2_47_0,0.2886,0.2417,0.1461,0.1659,0.1923,0.214,0.14842817,0.053408798,5.0E-4,0,2026,"{""geodesic"":false,""type"":""Point"",""coordinates"":[116.87616343989026,-0.7177089962472917]}"
2_2_48_0,0.39755,0.36135,0.14345,0.16195,0.2011,0.2312,0.26457256,0.069627546,5.0E-4,0,2026,"{""geodesic"":false,""type"":""Point"",""coordinates"":[116.82055772380326,-0.7033359517013793]}"
2_2_49_0,0.28865,0.23735,0.1214,0.13705,0.1561,0.181,0.22921327,0.07386529,5.0E-4,0,2026,"{""geodesic"":false,""type"":""Point"",""coordinates"":[117.12328997455154,-0.7468144114527642]}"
2_2_50_0,0.4426,0.3844,0.172,0.1976,0.2366,0.2688,0.24430703,0.063711904,5.0E-4,0,2026,"{""geodesic"":false,""type"":""Point"",""coordinates"":[117.01477348822989,-1.0743401640427417]}"
2_2_51_0,0.484,0.34775,0.1598,0.20305,0.25525,0.31105,0.21753348,0.09853433,5.0E-4,0,2026,"{""geodesic"":false,""type"":""Point"",""coordinates"":[117.06696560623725,-1.0001393215744692]}"
2_2_52_0,0.4909,0.3346,0.1715,0.2184,0.2878,0.3577,0.15696444,0.10828811,5.0E-4,0,2026,"{""geodesic"":false,""type"":""Point"",""coordinates"":[117.22830303126511,-0.7581331840326702]}"
2_2_53_0,0.4235,0.3882,0.1663,0.1912,0.2245,0.2668,0.22700278,0.08609808,5.0E-4,0,2026,"{""geodesic"":false,""type"":""Point"",""coordinates"":[117.23234545004365,-0.8302679013474678]}"
2_2_54_0,0.28295,0.1753,0.09805,0.1288,0.1785,0.22015,0.12482612,0.10447761,6.0E-4,0,2026,"{""geodesic"":false,""type"":""Point"",""coordinates"":[117.15167673752971,-0.8855142913208183]}"
2_2_55_0,0.44985,0.34145,0.1585,0.22745,0.28675,0.3207,0.16760756,0.055889376,5.0E-4,0,2026,"{""geodesic"":false,""type"":""Point"",""coordinates"":[117.12454761594931,-0.8847956390935227]}"
2_2_56_0,0.44665,0.3119,0.12315,0.1454,0.1806,0.2415,0.29811814,0.14427862,5.0E-4,0,2026,"{""geodesic"":false,""type"":""Point"",""coordinates"":[117.1011914185622,-0.9249503322936653]}"
2_2_57_0,0.4125,0.2996,0.16,0.2248,0.2691,0.3373,0.1002934,0.112467006,5.0E-4,0,2026,"{""geodesic"":false,""type"":""Point"",""coordinates"":[117.05106542570833,-0.9341131481916845]}"
2_2_58_0,0.4248,0.3595,0.16,0.1862,0.2319,0.27,0.22279792,0.075911544,5.0E-4,0,2026,"{""geodesic"":false,""type"":""Point"",""coordinates"":[117.03291945696911,-0.9849577932728494]}"
2_2_59_0,0.35765,0.2173,0.10865,0.1385,0.16375,0.2551,0.16736026,0.21809721,5.0E-4,0,2026,"{""geodesic"":false,""type"":""Point"",""coordinates"":[116.94021331964798,-0.8970127269575482]}"
2_2_60_0,0.5404,0.40585,0.1663,0.2205,0.28005,0.3557,0.20611544,0.11899328,5.0E-4,0,2026,"{""geodesic"":false,""type"":""Point"",""coordinates"":[117.0215108528608,-1.032299008745948]}"
2_2_61_0,0.4079,0.3007,0.1559,0.1842,0.2225,0.2695,0.20431063,0.09552844,5.0E-4,0,2026,"{""geodesic"":false,""type"":""Point"",""coordinates"":[116.96419833773398,-1.0988641712992047]}"
2_2_62_0,0.2962,0.1953,0.1604,0.1759,0.1875,0.2432,0.098257326,0.12932436,5.0E-4,0,2026,"{""geodesic"":false,""type"":""Point"",""coordinates"":[117.08807601541405,-0.7949641106815706]}"
2_2_63_0,0.43375,0.3437,0.10655,0.14,0.21575,0.2554,0.25879708,0.084155805,5.0E-4,0,2026,"{""geodesic"":false,""type"":""Point"",""coordinates"":[117.06543847025424,-0.7557975642939594]}"
2_2_64_0,0.58175,0.49425,0.1719,0.21965,0.2511,0.39575,0.19028133,0.22362214,5.0E-4,0,2026,"{""geodesic"":false,""type"":""Point"",""coordinates"":[117.03094316334405,-0.7881369145222622]}"
2_2_65_0,0.4955,0.3437,0.109,0.1616,0.2114,0.292,0.2584127,0.16011123,5.0E-4,0,2026,"{""geodesic"":false,""type"":""Point"",""coordinates"":[116.76881476343797,-0.7531026184416009]}"
2_2_66_0,0.3835,0.2604,0.0681,0.1029,0.1125,0.2593,0.1932172,0.39483592,5.0E-4,0,2026,"{""geodesic"":false,""type"":""Point"",""coordinates"":[116.7352177718119,-0.7781656148685355]}"
2_2_67_0,0.34615,0.20845,0.05525,0.07835,0.0803,0.26455,0.13361718,0.53429025,4.0E-4,0,2026,"{""geodesic"":false,""type"":""Point"",""coordinates"":[116.60828582216581,-1.026998948569643]}"
2_2_68_0,0.3532,0.25145,0.10925,0.13425,0.18695,0.21815,0.23636998,0.07701804,5.0E-4,0,2026,"{""geodesic"":false,""type"":""Point"",""coordinates"":[117.10613215262485,-0.8346696462396533]}"
2_2_69_0,0.41575,0.3276,0.11125,0.1285,0.1468,0.30175,0.158885,0.34544647,5.0E-4,0,2026,"{""geodesic"":false,""type"":""Point"",""coordinates"":[117.14431055219994,-0.8450002720070279]}"
2_2_70_0,0.7055,0.5943,0.3586,0.4719,0.5723,0.6133,0.069912024,0.034581654,5.0E-4,0,2026,"{""geodesic"":false,""type"":""Point"",""coordinates"":[117.20404851859388,-0.8731175403999689]}"
2_2_71_0,0.4259,0.3726,0.2123,0.2617,0.2756,0.3252,0.13407005,0.082556605,5.0E-4,0,2026,"{""geodesic"":false,""type"":""Point"",""coordinates"":[117.06831307916342,-0.8852447967355824]}"
2_2_72_0,0.3199,0.2689,0.1204,0.1401,0.1598,0.1785,0.2837079,0.055276394,5.0E-4,0,2026,"{""geodesic"":false,""type"":""Point"",""coordinates"":[116.83304430625252,-0.6727034005129037]}"
2_2_73_0,0.43475,0.25855,0.1008,0.15445,0.15415,0.3887,0.055923227,0.4320715,4.5E-4,0,2026,"{""geodesic"":false,""type"":""Point"",""coordinates"":[116.76683846981291,-0.8024201275397626]}"
2_2_74_0,0.3423,0.2426,0.0981,0.1375,0.1588,0.2532,0.14962217,0.22912619,5.0E-4,0,2026,"{""geodesic"":false,""type"":""Point"",""coordinates"":[116.72749226036848,-1.0305023781777092]}"
2_2_75_0,0.28035,0.2476,0.20975,0.2365,0.2633,0.25565,0.04608206,-0.014741281,5.0E-4,0,2026,"{""geodesic"":false,""type"":""Point"",""coordinates"":[116.71913792822616,-0.9803763853238397]}"
2_2_76_0,0.32115,0.1766,0.09275,0.14935,0.1838,0.41525,-0.1277838,0.38636175,4.0E-4,0,2026,"{""geodesic"":false,""type"":""Point"",""coordinates"":[116.74150597880075,-0.9926833047162772]}"
2_2_77_0,0.2577,0.1208,0.0422,0.07195,0.04655,0.4028,-0.21968205,0.7928119,4.0E-4,0,2026,"{""geodesic"":false,""type"":""Point"",""coordinates"":[116.78462511243848,-0.9900781903923306]}"
2_2_78_0,0.3869,0.23765,0.08535,0.09445,0.10625,0.25115,0.2127576,0.4054281,4.0E-4,0,2026,"{""geodesic"":false,""type"":""Point"",""coordinates"":[116.91667745920405,-0.839251054188663]}"
2_2_79_0,0.2841,0.2556,0.0881,0.0884,0.1044,0.1757,0.23575468,0.25455192,5.0E-4,0,2026,"{""geodesic"":false,""type"":""Point"",""coordinates"":[117.03561440282147,-0.8615292732348271]}"
2_2_80_0,0.3103,0.2046,0.1006,0.129,0.1639,0.2489,0.10979971,0.20591083,5.0E-4,0,2026,"{""geodesic"":false,""type"":""Point"",""coordinates"":[117.19838913230393,-0.7867894415960829]}"
2_2_81_0,0.4317,0.3106,0.1659,0.2217,0.2661,0.3389,0.120425634,0.120330594,5.0E-4,0,2026,"{""geodesic"":false,""type"":""Point"",""coordinates"":[117.12463744747771,-0.8005336654431116]}"
2_2_82_0,0.2337,0.116,0.0594,0.082,0.0544,0.3037,-0.13025677,0.69617426,4.0E-4,0,2026,"{""geodesic"":false,""type"":""Point"",""coordinates"":[116.89224328347599,-0.9437251217317633]}"
2_2_83_0,0.35755,0.23985,0.15545,0.20445,0.22785,0.35425,0.0046361075,0.21714483,5.0E-4,0,2026,"{""geodesic"":false,""type"":""Point"",""coordinates"":[116.89017715832252,-0.9568405248799083]}"
2_2_84_0,0.4864,0.3464,0.16,0.2135,0.2739,0.3269,0.1961146,0.088215716,5.0E-4,0,2026,"{""geodesic"":false,""type"":""Point"",""coordinates"":[117.05358070850386,-1.0920369751398964]}"
2_2_85_0,0.3673,0.2232,0.0834,0.127,0.1566,0.313,0.07981774,0.3330494,4.0E-4,0,2026,"{""geodesic"":false,""type"":""Point"",""coordinates"":[116.71509550944762,-0.8441019567229083]}"
2_2_86_0,0.56305,0.4103,0.17965,0.25035,0.32005,0.38575,0.18686761,0.093085855,5.0E-4,0,2026,"{""geodesic"":false,""type"":""Point"",""coordinates"":[116.77680976946664,-1.041731319229203]}"
2_2_87_0,0.4517,0.37945,0.13595,0.18895,0.21845,0.3308,0.1545048,0.20455167,5.0E-4,0,2026,"{""geodesic"":false,""type"":""Point"",""coordinates"":[117.00417336787729,-1.0017562890858844]}"
2_2_88_0,0.4328,0.2876,0.1729,0.2465,0.3096,0.3535,0.10085207,0.06620421,5.0E-4,0,2026,"{""geodesic"":false,""type"":""Point"",""coordinates"":[117.18455507692849,-0.8235305367165713]}"
2_2_89_0,0.3149,0.24605,0.0904,0.11645,0.14815,0.18735,0.25395718,0.116840556,5.0E-4,0,2026,"{""geodesic"":false,""type"":""Point"",""coordinates"":[116.79747102100139,-0.713397082883518]}"
2_2_90_0,0.21275,0.134,0.05855,0.06865,0.06685,0.1697,0.11256375,0.4347918,5.5E-4,0,2026,"{""geodesic"":false,""type"":""Point"",""coordinates"":[116.89107547360663,-0.837364592092012]}"
2_2_91_0,0.1391,0.0921,0.082,0.0961,0.1014,0.1178,0.08291165,0.07481749,5.0E-4,0,2026,"{""geodesic"":false,""type"":""Point"",""coordinates"":[117.23836416244724,-0.8934194658210701]}"
2_2_92_0,0.47985,0.32735,0.11155,0.15065,0.18325,0.343,0.1663122,0.30356294,5.0E-4,0,2026,"{""geodesic"":false,""type"":""Point"",""coordinates"":[116.99635802490545,-0.9138112227705832]}"
2_2_93_0,0.348,0.2084,0.1008,0.1335,0.1312,0.3704,-0.03118043,0.47687402,4.0E-4,0,2026,"{""geodesic"":false,""type"":""Point"",""coordinates"":[116.74806368037481,-0.8082591768865395]}"
2_2_94_0,0.3543,0.2463,0.0917,0.1207,0.1353,0.2859,0.10684161,0.35754988,5.0E-4,0,2026,"{""geodesic"":false,""type"":""Point"",""coordinates"":[117.15050892766035,-0.9678898028745784]}"
2_2_95_0,0.1874,0.1111,0.0887,0.1132,0.114,0.2656,-0.17262693,0.39936775,5.0E-4,0,2026,"{""geodesic"":false,""type"":""Point"",""coordinates"":[117.06346217662917,-0.983520488818258]}"
2_2_96_0,0.4562,0.2919,0.1021,0.1403,0.1583,0.3186,0.17759423,0.33612916,5.0E-4,0,2026,"{""geodesic"":false,""type"":""Point"",""coordinates"":[117.0869980370731,-0.964925362436984]}"
2_2_97_0,0.25935,0.207,0.1721,0.16875,0.17395,0.22375,0.073690765,0.12522,6.0E-4,0,2026,"{""geodesic"":false,""type"":""Point"",""coordinates"":[117.13865116590998,-0.7446584547708773]}"
2_2_98_0,0.40445,0.35065,0.13985,0.1655,0.1908,0.2937,0.15863352,0.21238393,5.0E-4,0,2026,"{""geodesic"":false,""type"":""Point"",""coordinates"":[116.75237559373859,-0.9593558076754429]}"
2_2_99_0,0.66165,0.48215,0.14125,0.2305,0.3623,0.43395,0.20783132,0.0899843,5.0E-4,0,2026,"{""geodesic"":false,""type"":""Point"",""coordinates"":[116.84975297053714,-0.9322266860950335]}"
